# dyes magenta; x=wavelength (nm) y=diffuse spectral density (RA-4, peak-normalised to 1.0); source build-tests/print-stocks/sheets/kodak-portra-supra-endura-E-4021-2008.pdf page 8 path ['25.0']; x shifted by -0.0
400.06032,0.04033
405.06087,0.04298
410.06304,0.04473
420.06576,0.04734
425.06630,0.04734
429.79715,0.04775
434.32892,0.04901
438.71049,0.05158
442.99069,0.05592
447.21838,0.06248
451.44243,0.07172
455.71168,0.08410
460.07499,0.10007
462.57444,0.11058
465.07391,0.12287
469.59136,0.14781
473.89315,0.17601
477.97763,0.20700
481.84313,0.24027
485.48798,0.27533
488.91053,0.31168
492.10911,0.34883
495.08206,0.38628
497.58478,0.42053
500.08425,0.45479
501.27936,0.47234
504.34626,0.51841
509.03104,0.59014
514.94477,0.67753
521.69850,0.77056
528.90330,0.85925
536.17024,0.93358
543.11038,0.98356
549.33479,0.99919
549.98695,0.99741
551.18207,0.99216
552.48804,0.98514
553.68315,0.97547
554.98750,0.96406
557.31537,0.93860
559.39977,0.91061
561.27649,0.88071
562.98130,0.84956
564.55000,0.81779
566.01837,0.78605
567.42219,0.75498
568.79726,0.72523
569.99401,0.69799
571.18748,0.66992
573.07273,0.62580
574.92071,0.58208
576.77192,0.53873
578.66691,0.49569
580.64620,0.45291
582.75031,0.41035
585.01977,0.36797
587.49511,0.32571
588.80108,0.30549
589.99784,0.28620
591.19292,0.26863
598.87079,0.18087
607.05122,0.11859
615.79366,0.07734
625.15753,0.05266
635.20229,0.04011
645.98738,0.03523
657.57224,0.03356
670.01630,0.03067
680.01900,0.02804
690.02010,0.02450
700.02442,0.02104
