# sensitometric blue; x=log exposure (lux-seconds), 0.5 s y=Status A reflection density (RA-4); source build-tests/print-stocks/sheets/kodak-portra-supra-endura-E-4021-2008.pdf page 7 path ['61.0', '62.0', '63.0', '64.0', '65.0', '66.0', '67.0', '68.0', '69.0', '70.0', '71.0', '72.0', '73.0', '74.0', '75.0', '76.0', '77.0', '78.0', '79.0']; x shifted by -0.0
-2.99345,0.11731
-2.84335,0.11940
-2.76886,0.11940
-2.69325,0.11835
-2.61876,0.11835
-2.54315,0.11940
-2.46754,0.12042
-2.42919,0.12147
-2.39194,0.12356
-2.35468,0.12563
-2.31633,0.12772
-2.27907,0.13083
-2.24184,0.13602
-2.16733,0.14850
-2.12898,0.15786
-2.11091,0.16306
-2.09174,0.16930
-2.05449,0.18385
-2.04345,0.18813
-2.03154,0.19328
-2.01910,0.19910
-2.00647,0.20540
-1.99399,0.21200
-1.98200,0.21871
-1.97082,0.22533
-1.96081,0.23168
-1.94164,0.24521
-1.94163,0.24521
-1.92244,0.25977
-1.90763,0.27172
-1.89248,0.28402
-1.87727,0.29668
-1.86225,0.30976
-1.84771,0.32328
-1.83390,0.33729
-1.82111,0.35180
-1.80959,0.36686
-1.79041,0.39076
-1.77120,0.41675
-1.75575,0.44057
-1.74055,0.46458
-1.72568,0.48879
-1.71124,0.51326
-1.69731,0.53801
-1.68398,0.56308
-1.67135,0.58850
-1.65950,0.61432
-1.64031,0.65382
-1.64029,0.65382
-1.62112,0.69540
-1.60620,0.73195
-1.59149,0.76858
-1.57702,0.80531
-1.56282,0.84215
-1.54893,0.87910
-1.53537,0.91617
-1.52218,0.95337
-1.50940,0.99071
-1.49023,1.04477
-1.48120,1.07283
-1.46515,1.12245
-1.44935,1.17232
-1.43378,1.22238
-1.41841,1.27255
-1.40320,1.32278
-1.38812,1.37300
-1.37313,1.42315
-1.35820,1.47316
-1.33899,1.53346
-1.31981,1.59275
-1.30561,1.63838
-1.29143,1.68455
-1.27710,1.73102
-1.26247,1.77757
-1.24738,1.82395
-1.23170,1.86994
-1.21526,1.91530
-1.19792,1.95979
-1.18889,1.98267
-1.17984,2.00450
-1.16649,2.03337
-1.15305,2.06146
-1.13929,2.08891
-1.12499,2.11584
-1.10994,2.14236
-1.09390,2.16861
-1.07665,2.19471
-1.05797,2.22078
-1.03881,2.24468
-1.02976,2.25613
-1.01759,2.26814
-1.00575,2.27906
-0.99397,2.28905
-0.98196,2.29825
-0.96943,2.30679
-0.95611,2.31482
-0.94170,2.32249
-0.92592,2.32994
-0.88868,2.34760
-0.86950,2.35594
-0.85145,2.36217
-0.81306,2.37256
-0.77470,2.37984
-0.73745,2.38608
-0.70021,2.39233
-0.66185,2.39649
-0.62459,2.40063
-0.58737,2.40375
-0.51289,2.41105
-0.43725,2.41728
-0.40002,2.41935
-0.36278,2.42039
-0.28715,2.42351
-0.13595,2.43183
