# sensitivity cyan-forming; x=wavelength (nm) y=log sensitivity (effective exposure 0.5 s, RA-4); source build-tests/print-stocks/sheets/kodak-portra-supra-endura-E-4021-2008.pdf page 8 path ['34.0']; x shifted by -0.0
494.78056,-1.41481
496.80800,-1.39707
499.51371,-1.37051
501.54115,-1.33502
504.24192,-1.29964
506.94763,-1.27306
509.65088,-1.25534
511.68079,-1.24647
514.38654,-1.23760
519.79055,-1.23760
522.49878,-1.24647
524.52371,-1.24647
526.55362,-1.23760
529.25439,-1.21991
534.66585,-1.18445
536.69577,-1.14899
539.39653,-1.11358
542.09978,-1.06928
543.45138,-1.05154
544.80302,-1.04269
548.18704,-1.04269
549.53864,-1.06044
550.89028,-1.09587
551.56608,-1.14014
552.91521,-1.18445
554.26933,-1.22875
556.97508,-1.30849
558.32668,-1.34392
559.67832,-1.37051
561.02745,-1.38822
561.70823,-1.39707
563.05736,-1.39707
564.40900,-1.40594
567.11471,-1.43253
568.46883,-1.44140
569.82047,-1.45024
572.52371,-1.43253
573.20202,-1.41481
574.55115,-1.40594
579.28430,-1.40594
581.98754,-1.39707
584.69078,-1.37938
589.42394,-1.35282
594.83293,-1.32618
597.53366,-1.31733
599.56361,-1.29964
601.59353,-1.27306
604.29928,-1.24647
609.70576,-1.20217
614.43892,-1.14899
619.84293,-1.08702
622.54864,-1.05154
624.57855,-1.02500
626.60599,-0.99839
629.30923,-0.98067
632.01248,-0.95409
634.72070,-0.93637
636.74814,-0.91865
639.44891,-0.90978
644.86034,-0.90978
649.59102,-0.91865
651.61846,-0.92752
654.32170,-0.93637
657.02741,-0.92752
659.72818,-0.91865
664.46137,-0.88319
669.87280,-0.83007
672.57608,-0.79461
674.60348,-0.75918
676.63340,-0.71485
679.33668,-0.66173
684.74316,-0.54653
686.77307,-0.48454
689.47384,-0.41368
692.18207,-0.35166
694.88527,-0.28961
697.58855,-0.23646
699.61595,-0.20100
701.64590,-0.17444
702.99754,-0.15673
704.34914,-0.15673
707.05486,-0.16560
709.75814,-0.20100
711.78303,-0.25418
714.49125,-0.32507
717.19202,-0.41368
719.89773,-0.51997
722.60353,-0.63514
724.63093,-0.76805
726.65589,-0.90094
729.36161,-1.04269
732.06489,-1.17560
734.77060,-1.30849
737.47129,-1.45024
739.50372,-1.60087
