# sensitometric red; x=relative log exposure (lux-seconds), 2854 K tungsten 1/100 s y=Status A density; source build-tests/print-stocks/sheets/fujifilm-motion-picture-film-manual-KB-1101E-2010.pdf page 34 path ['14.0']; x shifted by -0.0
-0.56729,0.06600
-0.54312,0.06685
-0.47729,0.06910
-0.37976,0.07227
-0.26051,0.07591
-0.12952,0.07955
0.00323,0.08273
0.12777,0.08497
0.23411,0.08582
0.38266,0.08439
0.53252,0.08746
0.68097,0.10607
0.82525,0.15129
0.96262,0.23415
1.09034,0.36570
1.20565,0.55699
1.30583,0.81908
1.39631,1.13908
1.47903,1.47104
1.55266,1.79814
1.61587,2.10352
1.66735,2.37035
1.70576,2.58179
1.72978,2.72100
1.73808,2.77115
1.74559,2.81894
1.76757,2.94717
1.80322,3.13312
1.85174,3.35404
1.91231,3.58722
1.98414,3.80992
2.06641,3.99942
2.15833,4.13299
2.21660,4.18853
2.27133,4.23403
2.32203,4.27029
2.36821,4.29814
2.40936,4.31838
2.44501,4.33183
2.47465,4.33930
2.49780,4.34161
