# sensitometric blue; x=relative log exposure (lux-seconds), 2854 K tungsten 1/100 s y=Status A density; source build-tests/print-stocks/sheets/fujifilm-motion-picture-film-manual-KB-1101E-2010.pdf page 34 path ['12.0']; x shifted by 2.0
-0.56061,0.08818
-0.54606,0.08818
-0.50540,0.08818
-0.44310,0.08818
-0.36364,0.08818
-0.27149,0.08818
-0.17113,0.08818
-0.06704,0.08818
0.03632,0.08818
0.20017,0.09062
0.37807,0.10625
0.56238,0.14748
0.74545,0.22673
0.91964,0.35642
1.07731,0.54898
1.21082,0.81683
1.31251,1.17239
1.39378,1.57832
1.46292,1.94471
1.52111,2.26996
1.56951,2.55248
1.60929,2.79067
1.64162,2.98294
1.66767,3.12769
1.68862,3.22334
1.70976,3.30792
1.74655,3.44127
1.80289,3.60780
1.88268,3.79190
1.98984,3.97795
2.12827,4.15037
2.30189,4.29353
2.51460,4.39184
