# sensitometric blue; x=log exposure (lux-seconds), 0.5 s y=Status A reflection density (RA-4); source build-tests/print-stocks/sheets/kodak-portra-supra-endura-E-4021-2008.pdf page 7 path ['131.0', '132.0', '133.0', '134.0', '135.0', '136.0', '137.0', '138.0', '139.0', '140.0', '141.0', '142.0', '143.0', '144.0', '145.0', '146.0', '147.0', '148.0', '149.0']; x shifted by -0.0
-3.00459,0.10346
-2.85233,0.10137
-2.70234,0.10137
-2.62737,0.10346
-2.55010,0.10346
-2.40011,0.10346
-2.24785,0.10761
-2.17058,0.11179
-2.09559,0.11595
-2.02060,0.12223
-1.98426,0.12845
-1.94563,0.13473
-1.90699,0.14307
-1.87063,0.15349
-1.83200,0.16603
-1.79337,0.18061
-1.75473,0.19939
-1.71836,0.22023
-1.68202,0.24527
-1.66156,0.25779
-1.64338,0.27447
-1.60475,0.30994
-1.56837,0.34750
-1.54794,0.36835
-1.52976,0.39336
-1.50930,0.41840
-1.49111,0.44551
-1.47294,0.47470
-1.45563,0.50101
-1.43962,0.52723
-1.42466,0.55348
-1.41052,0.57989
-1.39693,0.60657
-1.38366,0.63366
-1.37045,0.66128
-1.35706,0.68955
-1.33886,0.73543
-1.33885,0.73543
-1.32070,0.78341
-1.30384,0.82631
-1.28842,0.86970
-1.27409,0.91345
-1.26052,0.95747
-1.24737,1.00162
-1.23430,1.04580
-1.22098,1.08989
-1.20707,1.13378
-1.18888,1.20262
-1.17980,1.23808
-1.16280,1.30423
-1.14707,1.37115
-1.13217,1.43857
-1.11766,1.50624
-1.10311,1.57390
-1.08808,1.64127
-1.07213,1.70810
-1.05481,1.77412
-1.03662,1.84504
-1.01846,1.90969
-1.00517,1.94989
-0.99238,1.99031
-0.97970,2.03078
-0.96676,2.07116
-0.95318,2.11131
-0.93858,2.15106
-0.92259,2.19028
-0.90483,2.22880
-0.88665,2.26843
-0.86847,2.30181
-0.85600,2.31968
-0.84544,2.33493
-0.83589,2.34821
-0.82650,2.36018
-0.81640,2.37150
-0.80469,2.38283
-0.79053,2.39484
-0.77302,2.40817
-0.73439,2.43738
-0.71620,2.44989
-0.69576,2.46032
-0.67758,2.46868
-0.65712,2.47493
-0.62076,2.48326
-0.58215,2.49162
-0.58213,2.49162
-0.54351,2.49997
-0.50715,2.50414
-0.43216,2.51039
-0.39351,2.51456
-0.35717,2.51666
-0.31854,2.51872
-0.27989,2.51666
-0.24127,2.51039
-0.20491,2.49997
-0.16628,2.48745
-0.12990,2.47701
