# sensitometric red; x=log exposure (lux-seconds), 0.5 s y=Status A reflection density (RA-4); source build-tests/print-stocks/sheets/kodak-portra-supra-endura-E-4021-2008.pdf page 7 path ['85.0', '86.0', '87.0', '88.0', '89.0', '90.0', '91.0', '92.0', '93.0', '94.0', '95.0', '96.0', '97.0', '98.0', '99.0', '100.0', '101.0', '102.0', '103.0']; x shifted by -0.0
-3.00459,0.09719
-2.85233,0.09719
-2.70234,0.09719
-2.55010,0.09719
-2.40011,0.09719
-2.24785,0.09927
-2.17058,0.09927
-2.09559,0.10137
-2.02060,0.10763
-1.94563,0.11594
-1.90699,0.12223
-1.87063,0.12845
-1.83200,0.13682
-1.79337,0.14932
-1.75473,0.16603
-1.71836,0.18687
-1.68202,0.20982
-1.66156,0.22443
-1.64338,0.24110
-1.60475,0.27654
-1.59206,0.28979
-1.57950,0.30332
-1.56712,0.31711
-1.55495,0.33115
-1.54304,0.34539
-1.53143,0.35983
-1.52017,0.37443
-1.50930,0.38918
-1.49111,0.41838
-1.47294,0.44966
-1.45449,0.47889
-1.43816,0.50730
-1.42348,0.53521
-1.40992,0.56297
-1.39700,0.59091
-1.38422,0.61935
-1.37107,0.64864
-1.35706,0.67910
-1.33886,0.72501
-1.33885,0.72499
-1.32070,0.77506
-1.30406,0.81646
-1.28867,0.85890
-1.27425,0.90210
-1.26053,0.94575
-1.24723,0.98957
-1.23407,1.03328
-1.22078,1.07658
-1.20707,1.11919
-1.18888,1.18803
-1.17980,1.22347
-1.16151,1.29515
-1.14449,1.36714
-1.12833,1.43938
-1.11261,1.51177
-1.09691,1.58423
-1.08081,1.65668
-1.06389,1.72904
-1.04572,1.80123
-1.03662,1.83669
-1.01846,1.90762
-1.00443,1.95330
-0.99123,1.99925
-0.97841,2.04532
-0.96554,2.09139
-0.95218,2.13729
-0.93790,2.18289
-0.92226,2.22804
-0.90483,2.27260
-0.88665,2.31850
-0.87754,2.33935
-0.86650,2.36137
-0.85529,2.38195
-0.84372,2.40139
-0.83156,2.41998
-0.81863,2.43801
-0.80470,2.45576
-0.78957,2.47353
-0.77302,2.49162
-0.73439,2.52708
-0.71620,2.54376
-0.69576,2.55628
-0.67758,2.56670
-0.65712,2.57714
-0.62076,2.58966
-0.58215,2.60425
-0.58213,2.60425
-0.54351,2.61675
-0.50715,2.62927
-0.47078,2.63763
-0.43216,2.64388
-0.39351,2.64806
-0.35717,2.65223
-0.31854,2.65431
-0.27989,2.65221
-0.24127,2.64805
-0.20491,2.63971
-0.16628,2.63136
-0.12990,2.62300
