# sensitometric green; x=log exposure (lux-seconds), 0.5 s y=Status A reflection density (RA-4); source build-tests/print-stocks/sheets/kodak-portra-supra-endura-E-4021-2008.pdf page 7 path ['112.0', '113.0', '114.0', '115.0', '116.0', '117.0', '118.0', '119.0', '120.0', '121.0', '122.0', '123.0', '124.0', '125.0', '126.0', '127.0', '128.0', '129.0', '130.0']; x shifted by -0.0
-3.00459,0.10552
-2.85233,0.10552
-2.70234,0.10552
-2.55010,0.10552
-2.40011,0.10552
-2.32512,0.10761
-2.24785,0.10969
-2.17058,0.11179
-2.09559,0.11388
-2.02060,0.12013
-1.98426,0.12431
-1.94563,0.13055
-1.90699,0.13682
-1.87063,0.14514
-1.83200,0.15557
-1.79337,0.17019
-1.75473,0.18687
-1.71836,0.20565
-1.68202,0.23066
-1.64338,0.25780
-1.60475,0.28908
-1.56837,0.32452
-1.54794,0.34331
-1.52976,0.36625
-1.50930,0.38919
-1.49111,0.41423
-1.47294,0.44134
-1.45625,0.46559
-1.44030,0.49030
-1.42503,0.51542
-1.41040,0.54090
-1.39634,0.56672
-1.38279,0.59282
-1.36972,0.61918
-1.35706,0.64573
-1.33886,0.68745
-1.33885,0.68746
-1.32070,0.73333
-1.30374,0.77283
-1.28829,0.81320
-1.27398,0.85421
-1.26045,0.89563
-1.24736,0.93723
-1.23433,0.97878
-1.22102,1.02004
-1.20707,1.06079
-1.18888,1.12334
-1.17072,1.19011
-1.15419,1.24991
-1.13856,1.30999
-1.12349,1.37027
-1.10868,1.43067
-1.09381,1.49111
-1.07857,1.55152
-1.06264,1.61182
-1.04572,1.67192
-1.03662,1.70321
-1.01846,1.76577
-1.00434,1.80544
-0.99105,1.84541
-0.97815,1.88553
-0.96523,1.92565
-0.95186,1.96559
-0.93762,2.00520
-0.92208,2.04433
-0.90483,2.08281
-0.88665,2.12661
-0.86847,2.16624
-0.85445,2.19148
-0.84136,2.21486
-0.82866,2.23687
-0.81584,2.25799
-0.80235,2.27873
-0.78766,2.29957
-0.77124,2.32100
-0.75257,2.34352
-0.73439,2.36648
-0.71620,2.38733
-0.67758,2.42279
-0.65712,2.43738
-0.62076,2.46452
-0.58215,2.48745
-0.58213,2.48746
-0.54351,2.51039
-0.50715,2.52916
-0.47078,2.54375
-0.43216,2.55835
-0.39351,2.57087
-0.35717,2.57922
-0.31854,2.58548
-0.27989,2.58966
-0.24127,2.58966
-0.20491,2.58549
-0.16628,2.58131
-0.12990,2.57714
