# sensitometric red; x=relative log exposure (lux-seconds), 2854 K tungsten 1/100 s y=Status A density; source build-tests/print-stocks/sheets/fujifilm-motion-picture-film-manual-KB-0707E.pdf page 26 path ['6.0']; x shifted by -0.0
1.40349,0.08368
1.51877,0.08411
1.65829,0.08529
1.81234,0.08710
1.97119,0.08940
2.12514,0.09205
2.26445,0.09491
2.37940,0.09784
2.46029,0.10072
2.64273,0.12957
2.79807,0.19300
2.92859,0.28383
3.03657,0.39487
3.12429,0.51892
3.19401,0.64880
3.24803,0.77731
3.28862,0.89726
3.35190,1.12009
3.41597,1.37144
3.48017,1.64031
3.54380,1.91572
3.60621,2.18668
3.66670,2.44219
3.72461,2.67127
3.77926,2.86292
3.83316,3.02673
3.88357,3.16065
3.93200,3.26775
3.97998,3.35108
4.02902,3.41370
4.08065,3.45867
4.13638,3.48905
4.19773,3.50791
