# sensitometric green; x=relative log exposure (lux-seconds), 2854 K tungsten 1/100 s y=Status A density; source build-tests/print-stocks/sheets/fujifilm-motion-picture-film-manual-KB-0707E.pdf page 26 path ['5.0']; x shifted by 1.0
1.40616,0.08574
1.51098,0.08636
1.62297,0.08805
1.73813,0.09054
1.85240,0.09354
1.96178,0.09680
2.06221,0.10004
2.14968,0.10299
2.22015,0.10538
2.41115,0.12942
2.56909,0.18358
2.69841,0.26159
2.80352,0.35715
2.88886,0.46400
2.95886,0.57585
3.01793,0.68643
3.07051,0.78946
3.18127,1.03670
3.28606,1.33130
3.38527,1.65600
3.47930,1.99351
3.56857,2.32657
3.65345,2.63789
3.73437,2.91021
3.81172,3.12625
3.86535,3.25442
3.91298,3.36453
3.95643,3.45788
3.99756,3.53581
4.03818,3.59964
4.08014,3.65070
4.12527,3.69031
4.17542,3.71978
4.19102,3.72693
4.20611,3.73355
4.22069,3.73965
4.23479,3.74526
4.24841,3.75040
4.26158,3.75510
4.27432,3.75936
4.28663,3.76321
