# sensitometric blue; x=relative log exposure (lux-seconds), 2854 K tungsten 1/100 s y=Status A density; source build-tests/print-stocks/sheets/fujifilm-motion-picture-film-manual-KB-0707E.pdf page 26 path ['4.0']; x shifted by 2.0
2.00033,0.15033
2.04504,0.15160
2.08748,0.15289
2.12747,0.15419
2.16484,0.15549
2.19942,0.15678
2.23102,0.15805
2.25947,0.15928
2.28460,0.16047
2.47995,0.18494
2.64537,0.23556
2.78479,0.30944
2.90217,0.40374
3.00145,0.51558
3.08659,0.64210
3.16153,0.78044
3.23022,0.92773
3.31567,1.14761
3.39768,1.40624
3.47541,1.68972
3.54797,1.98412
3.61453,2.27552
3.67421,2.55002
3.72616,2.79370
3.76951,2.99264
3.80483,3.12724
3.84482,3.24222
3.88841,3.33820
3.93456,3.41578
3.98219,3.47558
4.03025,3.51823
4.07767,3.54433
4.12339,3.55451
4.12752,3.55473
4.13169,3.55495
4.13587,3.55516
4.14007,3.55537
4.14430,3.55559
4.14854,3.55580
4.15279,3.55601
4.15705,3.55621
