# sensitometric red; x=log exposure (lux-seconds), daylight y=Status M density (C-41); source build-tests/print-stocks/sheets/kodak-ektar100-E-4046-2025.pdf page 4 path ['33.0']; x shifted by -0.0
-2.84008,0.20861
-2.63967,0.21518
-2.48992,0.21906
-2.42724,0.22210
-2.36345,0.22648
-2.29912,0.23252
-2.23485,0.24052
-2.17122,0.25082
-2.10881,0.26373
-2.04822,0.27957
-1.99003,0.29867
-1.94049,0.31692
-1.88981,0.33780
-1.80159,0.38004
-1.71245,0.42398
-1.62297,0.46935
-1.53372,0.51590
-1.44528,0.56334
-1.35824,0.61142
-1.27317,0.65986
-1.19065,0.70840
-1.13997,0.73975
-1.03973,0.80369
-0.94068,0.86630
-0.89003,0.89893
-0.79223,0.95782
-0.69303,1.01471
-0.59283,1.07020
-0.49201,1.12489
-0.39099,1.17939
-0.29015,1.23431
-0.18990,1.29026
-0.09062,1.34784
-0.03995,1.37524
0.01073,1.40134
0.11020,1.45222
0.20827,1.50325
0.30569,1.55407
0.40320,1.60433
0.50154,1.65369
0.60145,1.70179
0.70367,1.74827
0.80894,1.79280
0.85962,1.81240
0.95984,1.85286
1.16030,1.93247
