# sensitivity cyan-forming; x=wavelength (nm) y=log sensitivity (Status M, 0.2 > D-min, daylight 1/25 s); source build-tests/print-stocks/sheets/kodak-ektar100-E-4046-2025.pdf page 4 path ['50.0']; x shifted by -0.0
554.92768,0.19112
556.14214,0.21747
556.82914,0.23251
557.67071,0.25051
558.64723,0.27035
559.73909,0.29090
560.92670,0.31103
562.19043,0.32961
563.51068,0.34551
564.86784,0.35760
565.08729,0.35869
565.31172,0.35760
565.86282,0.35657
566.63592,0.35342
567.41146,0.35023
568.17953,0.34710
569.28928,0.34710
569.50621,0.34920
569.73068,0.35130
569.94761,0.35554
570.27931,0.36499
570.61097,0.37766
570.83293,0.39030
571.16706,0.40506
571.49876,0.42194
571.82791,0.43878
572.35546,0.47047
572.84674,0.50220
573.31154,0.53395
573.75965,0.56572
574.20087,0.59750
574.64498,0.62927
575.10177,0.66103
575.58104,0.69277
575.80299,0.71596
576.13465,0.74124
576.79801,0.79183
577.73494,0.86814
578.65957,0.94537
579.60985,1.02317
580.62376,1.10118
581.73924,1.17906
582.99427,1.25645
584.42681,1.33301
586.07482,1.40837
586.73814,1.42944
587.39899,1.44735
588.06482,1.46423
588.72818,1.47898
589.94515,1.50850
590.68662,1.52463
591.52521,1.54063
592.43855,1.55650
593.40429,1.57228
594.40008,1.58799
595.40355,1.60366
596.39236,1.61931
597.34414,1.63496
598.66831,1.65289
599.88277,1.67184
600.45910,1.68073
601.05897,1.69124
601.68890,1.70275
602.35535,1.71465
603.06481,1.72634
603.82378,1.73721
604.63875,1.74665
605.51619,1.75405
606.07232,1.75724
606.73317,1.76037
608.72069,1.76354
609.93515,1.76459
611.14714,1.76459
612.47382,1.76249
613.68828,1.76037
614.24190,1.75932
614.90773,1.76037
615.56607,1.76142
616.11968,1.76459
617.33167,1.76986
618.66333,1.77618
619.97929,1.78244
621.25198,1.78787
622.49444,1.79289
623.71975,1.79788
624.94097,1.80327
626.17117,1.80944
627.42340,1.81679
628.71073,1.82574
629.92268,1.83626
630.59103,1.84258
631.13966,1.84890
632.35659,1.86472
633.68327,1.88053
634.89526,1.89527
636.10972,1.90898
637.32670,1.92160
638.69146,1.93504
640.03597,1.94753
641.35681,1.95946
642.65056,1.97119
643.91380,1.98312
645.14312,1.99563
646.33508,2.00908
647.48627,2.02387
648.03989,2.03122
648.70325,2.03859
649.15973,2.04312
649.69273,2.04692
650.28756,2.04992
650.92956,2.05204
651.60406,2.05320
652.29638,2.05333
652.99186,2.05235
653.67582,2.05019
654.22445,2.04703
654.88777,2.04178
655.55612,2.03546
658.25845,1.99154
660.37137,1.94562
662.00473,1.89816
663.26838,1.84963
664.27217,1.80048
665.12596,1.75117
665.93959,1.70216
666.82293,1.65392
667.47879,1.61180
668.03240,1.56961
668.69576,1.52853
669.02742,1.50850
670.04820,1.44756
671.19271,1.38577
672.46826,1.32349
673.88216,1.26109
675.44171,1.19892
677.15422,1.13733
679.02699,1.07670
681.06733,1.01736
681.72817,1.00367
682.39149,0.99000
684.48369,0.93335
686.23779,0.87382
687.70146,0.81226
688.92237,0.74949
689.94818,0.68635
690.82655,0.62368
691.60516,0.56230
692.33166,0.50306
692.99502,0.45040
693.65834,0.39767
694.20948,0.34603
694.87033,0.29546
