# sensitometric red; x=log exposure (lux-seconds) y=Status A density; source build-tests/print-stocks/sheets/kodak-2383-TI-archives-gov.pdf page 5 path ['4.0']; x shifted by -0.0
-0.40714,0.04356
-0.25762,0.04749
-0.10589,0.05143
0.04363,0.05936
0.11725,0.06723
0.19311,0.07509
0.26673,0.09086
0.34260,0.11059
0.41843,0.13822
0.45640,0.15396
0.49430,0.17372
0.53223,0.19339
0.57013,0.21715
0.60591,0.24469
0.64381,0.27625
0.68171,0.31175
0.71743,0.34725
0.75543,0.39461
0.77551,0.42224
0.79330,0.44984
0.83123,0.51697
0.86695,0.59184
0.88706,0.63130
0.90495,0.67863
0.92496,0.72600
0.94279,0.77729
0.96071,0.83252
0.98072,0.89559
0.99861,0.95869
1.01647,1.02582
1.05440,1.16778
1.09230,1.31770
1.11020,1.39660
1.13027,1.47940
1.16817,1.64906
1.31990,2.34333
1.35562,2.51692
1.37569,2.59971
1.39355,2.67865
1.43142,2.83250
1.46721,2.97846
1.48731,3.04943
1.50511,3.11649
1.52518,3.17966
1.54304,3.24275
1.56090,3.30195
1.58094,3.35715
1.61669,3.45574
1.65459,3.54644
1.69256,3.62934
1.71039,3.66483
1.73046,3.70037
1.76846,3.75950
1.80636,3.81079
1.84429,3.85812
1.88219,3.90156
1.92015,3.93706
1.95584,3.97252
1.99378,4.00015
2.03171,4.02382
2.06740,4.04355
2.10536,4.05932
2.14326,4.07115
2.18119,4.08298
2.21691,4.09088
2.29278,4.10271
2.36640,4.10665
2.44230,4.11061
2.59396,4.11455
