# dyes yellow; x=wavelength (nm) y=diffuse spectral density (visual neutral 1.0, xenon); source build-tests/print-stocks/sheets/kodak-2383-TI-archives-gov.pdf page 6 path ['17.1', '17.0']; x shifted by -0.0
348.57263,0.25782
353.56952,0.23991
358.56650,0.22098
359.86857,0.21601
360.95404,0.20903
363.56075,0.19610
364.86009,0.19010
366.16753,0.18513
367.25301,0.18114
368.55772,0.17815
369.85707,0.17716
370.94518,0.17617
373.54652,0.17815
374.85396,0.18016
376.15867,0.18414
377.24415,0.18811
378.54349,0.19310
379.84821,0.19906
380.93641,0.20703
382.24112,0.21501
386.14990,0.24488
388.53736,0.26779
389.84216,0.27974
390.92763,0.29269
393.53434,0.31958
396.13840,0.34846
398.52859,0.37832
400.91877,0.40920
406.12962,0.47492
408.51981,0.50779
410.91000,0.54165
413.51679,0.57649
416.12349,0.61035
417.20624,0.62629
418.51103,0.64223
421.11774,0.67210
423.50528,0.70197
424.81000,0.71591
426.11471,0.72886
427.19746,0.73982
428.50490,0.75078
429.80425,0.75974
430.89236,0.76870
432.19716,0.77567
433.28264,0.78264
435.88934,0.79259
438.27416,0.80057
440.66707,0.80554
443.27105,0.80853
445.66397,0.80853
448.26803,0.80456
450.65557,0.79857
453.26773,0.78862
455.87443,0.77667
456.95454,0.76870
458.25925,0.75974
459.56397,0.74977
460.64671,0.73882
461.95415,0.72687
463.25350,0.71392
465.86020,0.68604
468.25048,0.65617
469.55519,0.64024
470.64066,0.62430
473.24737,0.58944
475.85416,0.55361
480.63181,0.48189
483.23859,0.44505
485.84265,0.40920
488.23284,0.37434
490.62303,0.34148
493.22982,0.30961
495.83380,0.27974
498.22671,0.25184
500.61425,0.22496
503.22096,0.20106
505.82775,0.17815
508.21793,0.15725
510.60540,0.13933
513.20946,0.12340
515.81897,0.10944
518.20643,0.09650
520.59935,0.08455
523.20341,0.07460
525.81284,0.06663
528.20030,0.05866
530.58785,0.05268
533.19455,0.04672
535.80134,0.04273
538.19153,0.03875
540.57907,0.03576
543.18577,0.03277
548.18002,0.02778
553.17700,0.02380
558.17125,0.01982
567.94860,0.01286
572.94285,0.00986
577.93710,0.00688
582.93135,0.00489
587.92824,0.00289
592.92794,0.00090
597.92219,-0.00109
607.91342,-0.00308
627.89306,-0.00308
637.88701,-0.00209
642.88390,-0.00109
647.87542,-0.00009
657.86665,0.01485
667.86332,0.00887
677.85182,-0.00009
682.63220,0.00090
687.62636,-0.00109
692.62334,-0.00209
697.62032,-0.00308
707.60881,-0.00507
717.59731,-0.00707
727.59126,-0.00806
737.57976,-0.00906
742.57657,-0.00606
747.57355,-0.01005
