# sensitometric green; x=log exposure (lux-seconds) y=Status A density; source build-tests/print-stocks/sheets/kodak-2383-TI-archives-gov.pdf page 5 path ['4.1', '5.0']; x shifted by -0.0
-0.59548,-0.00600
-0.44750,0.00197
-0.29956,0.00994
-0.22669,0.01399
-0.15158,0.01797
-0.07653,0.02593
-0.00141,0.03792
0.07367,0.05392
0.10899,0.06189
0.14657,0.07387
0.18408,0.08987
0.21943,0.10587
0.25697,0.12582
0.29451,0.14978
0.33199,0.17770
0.36738,0.21372
0.40492,0.25365
0.44246,0.29757
0.48000,0.34958
0.51751,0.40545
0.55508,0.46540
0.59259,0.53727
0.63014,0.61315
0.66765,0.70105
0.70306,0.79300
0.74057,0.89285
0.77808,1.00468
0.81343,1.12455
0.85104,1.25238
0.88852,1.38426
0.92606,1.52405
0.96141,1.67588
0.99902,1.82768
1.03646,1.98350
1.07401,2.14323
1.10939,2.30306
1.14693,2.46684
1.16676,2.54273
1.18444,2.61868
1.22202,2.76244
1.25952,2.90232
1.29707,3.03411
1.31690,3.09804
1.33464,3.15799
1.37212,3.26986
1.40969,3.36974
1.44504,3.46561
1.48259,3.54949
1.52006,3.62541
1.55548,3.69332
1.59299,3.75321
1.63053,3.80914
1.66804,3.85711
1.70343,3.89707
1.74094,3.93302
1.77851,3.96496
1.81602,3.99294
1.85363,4.01292
1.89114,4.03287
1.92868,4.04884
1.96619,4.06082
2.00376,4.06882
2.07662,4.08080
2.14948,4.08881
2.22457,4.09279
2.29746,4.09680
2.37255,4.09680
