# sensitivity yellow-forming; x=wavelength (nm) y=log sensitivity; source build-tests/print-stocks/sheets/kodak-2383-TI-archives-gov.pdf page 6 path ['7.0']; x shifted by -0.0
378.34217,-0.09654
380.94314,-0.13074
383.32652,-0.17064
385.92500,-0.21051
387.00790,-0.22763
388.31340,-0.24471
390.69431,-0.27892
393.29275,-0.31026
394.59077,-0.32451
395.89123,-0.33590
396.97413,-0.34446
398.27214,-0.35016
399.57760,-0.35016
400.65551,-0.34730
401.95852,-0.34157
403.25650,-0.33307
405.64238,-0.31026
408.24085,-0.28175
409.54135,-0.26750
410.84185,-0.24758
413.22273,-0.20768
415.82120,-0.16494
418.42216,-0.11935
421.02315,-0.06806
423.40652,-0.01391
426.00251,0.04022
427.08789,0.06586
428.38591,0.08581
430.98687,0.11999
433.59034,0.14280
435.97122,0.16558
437.26920,0.17983
438.35462,0.19409
439.43504,0.21118
440.73802,0.22826
442.90134,0.26816
444.85455,0.30806
445.72237,0.32229
446.36760,0.33654
447.02035,0.34793
447.45054,0.35649
447.88570,0.36788
448.53844,0.38213
448.96608,0.39066
450.48417,0.43056
451.78463,0.46193
454.38562,0.53028
455.90120,0.56165
457.19918,0.58727
457.84693,0.59869
458.49715,0.60722
459.36498,0.61864
461.96845,0.64142
463.47903,0.64995
464.99960,0.65567
466.29758,0.65567
466.95033,0.65281
467.60056,0.64714
468.46590,0.63000
469.76388,0.59013
470.41411,0.56732
470.84926,0.53884
471.49953,0.51036
472.14976,0.47902
472.79999,0.44479
473.44774,0.40778
474.74824,0.33084
475.83366,0.24535
477.13163,0.15419
478.42709,0.05730
479.07736,0.00604
479.73011,-0.04811
481.03057,-0.16781
481.68084,-0.23046
482.32859,-0.29600
483.41397,-0.42993
486.01744,-0.70346
487.96069,-0.90007
488.61092,-0.96275
489.91142,-1.08242
491.20939,-1.19923
492.29482,-1.31322
493.59279,-1.42717
496.19875,-1.66086
497.27665,-1.78050
498.58215,-1.90587
499.87513,-2.03696
500.96555,-2.17371
502.25853,-2.31333
503.56402,-2.45581
505.94238,-2.74074
508.54586,-3.02567
