# sensitometric red; x=log exposure (lux-seconds), daylight y=Status M density (C-41); source build-tests/print-stocks/sheets/kodak-ultramax400-E-7023-2016.pdf page 4 path ['35.0']; x shifted by -0.0
-3.43983,0.28591
-3.23988,0.28591
-3.13996,0.28866
-3.08939,0.29146
-3.03999,0.29564
-2.99056,0.30120
-2.94002,0.30956
-2.88945,0.31788
-2.84004,0.32899
-2.79064,0.34148
-2.74010,0.35541
-2.68953,0.36927
-2.64012,0.38595
-2.59072,0.40403
-2.48961,0.44292
-2.44021,0.46378
-2.39077,0.48464
-2.34023,0.50822
-2.24029,0.55413
-2.14031,0.60277
-2.04034,0.65276
-1.94037,0.70419
-1.84042,0.75424
-1.74045,0.80284
-1.64050,0.85286
-1.44056,0.95569
-1.24067,1.06131
-1.04075,1.16557
-0.84080,1.26837
-0.63975,1.37261
-0.53977,1.42538
-0.43983,1.47820
-0.23991,1.58105
-0.13993,1.63108
-0.03996,1.67970
0.05998,1.72695
0.15996,1.77280
0.20936,1.79643
0.25990,1.82005
0.31047,1.84230
0.35988,1.86313
0.40928,1.88121
0.45985,1.89787
0.50925,1.91314
0.55982,1.92983
