# sensitometric red; x=log exposure (lux-seconds), 3200 K tungsten 1/50 s y=Status M density (ECN-2); source build-tests/print-stocks/sheets/kodak-5219-H-1-5219t-2007.pdf page 3 path ['9.2']; x shifted by -0.0
-3.99648,0.18947
-3.99330,0.18955
-3.98419,0.18975
-3.96978,0.19008
-3.95072,0.19051
-3.92765,0.19104
-3.90120,0.19163
-3.87202,0.19229
-3.84074,0.19300
-3.80626,0.19385
-3.76794,0.19492
-3.72703,0.19617
-3.68483,0.19756
-3.64262,0.19904
-3.60167,0.20056
-3.56326,0.20209
-3.52868,0.20358
-3.49203,0.20606
-3.44771,0.21041
-3.39741,0.21639
-3.34282,0.22376
-3.28565,0.23228
-3.22757,0.24171
-3.17030,0.25180
-3.11552,0.26233
-3.00379,0.28479
-2.94778,0.29716
-2.88697,0.31254
-2.82329,0.33031
-2.75869,0.34987
-2.69513,0.37061
-2.63453,0.39190
-2.57884,0.41315
-2.53001,0.43375
-2.33984,0.51904
-2.29184,0.54057
-2.23854,0.56453
-2.18170,0.59011
-2.12311,0.61650
-2.06454,0.64292
-2.00776,0.66855
-1.95456,0.69260
-1.90672,0.71426
-1.71368,0.80173
-1.66587,0.82342
-1.61277,0.84755
-1.55616,0.87331
-1.49781,0.89990
-1.43948,0.92651
-1.38294,0.95233
-1.32997,0.97656
-1.28234,0.99839
-1.08735,1.08785
-1.03973,1.10969
-0.98682,1.13397
-0.93039,1.15987
-0.87220,1.18659
-0.81401,1.21331
-0.75759,1.23922
-0.70471,1.26352
-0.65712,1.28538
-0.46303,1.37460
-0.41518,1.39625
-0.36156,1.41991
-0.30396,1.44483
-0.24421,1.47022
-0.18414,1.49533
-0.12555,1.51938
-0.07026,1.54163
-0.02010,1.56128
0.14943,1.62665
0.19840,1.64518
0.25024,1.66419
0.30340,1.68312
0.35629,1.70146
0.40733,1.71865
0.45496,1.73416
0.49760,1.74744
0.53367,1.75797
0.56825,1.76732
0.60665,1.77723
0.64760,1.78738
0.68982,1.79750
0.73202,1.80726
0.77293,1.81637
0.81127,1.82453
0.84575,1.83145
0.87703,1.83747
0.90621,1.84309
0.93265,1.84818
0.95572,1.85262
0.97478,1.85629
0.98918,1.85906
0.99828,1.86082
1.00146,1.86143
