# sensitometric blue; x=log exposure (lux-seconds), 3200 K tungsten 1/50 s y=Status M density (ECN-2); source build-tests/print-stocks/sheets/kodak-5219-H-1-5219t-2007.pdf page 3 path ['9.1']; x shifted by -0.0
-3.99648,0.83971
-3.99489,0.83973
-3.99033,0.83980
-3.98313,0.83991
-3.97360,0.84005
-3.96206,0.84022
-3.94884,0.84042
-3.93425,0.84064
-3.91861,0.84088
-3.90216,0.84114
-3.88529,0.84143
-3.86846,0.84174
-3.85216,0.84206
-3.83687,0.84237
-3.82305,0.84268
-3.81120,0.84297
-3.80179,0.84323
-3.79318,0.84349
-3.78361,0.84378
-3.77340,0.84409
-3.76287,0.84440
-3.75234,0.84472
-3.74212,0.84503
-3.73255,0.84531
-3.72394,0.84557
-3.71594,0.84581
-3.70811,0.84602
-3.70066,0.84622
-3.69377,0.84640
-3.68766,0.84654
-3.68251,0.84665
-3.67852,0.84672
-3.67589,0.84674
-3.67388,0.84676
-3.67163,0.84679
-3.66924,0.84684
-3.66677,0.84691
-3.66430,0.84700
-3.66190,0.84710
-3.65966,0.84721
-3.65764,0.84733
-3.65460,0.84745
-3.64944,0.84756
-3.64243,0.84766
-3.63385,0.84775
-3.62399,0.84783
-3.61312,0.84788
-3.60153,0.84792
-3.58949,0.84793
-3.57745,0.84794
-3.56586,0.84798
-3.55500,0.84803
-3.54514,0.84810
-3.53657,0.84819
-3.52957,0.84829
-3.52441,0.84840
-3.52137,0.84852
-3.51934,0.84864
-3.51706,0.84879
-3.51461,0.84894
-3.51207,0.84910
-3.50951,0.84926
-3.50701,0.84942
-3.50466,0.84956
-3.50252,0.84969
-3.50035,0.84982
-3.49792,0.84996
-3.49531,0.85012
-3.49261,0.85028
-3.48988,0.85044
-3.48723,0.85059
-3.48472,0.85073
-3.48245,0.85086
-3.48015,0.85100
-3.47757,0.85118
-3.47480,0.85139
-3.47193,0.85163
-3.46904,0.85187
-3.46622,0.85213
-3.46357,0.85238
-3.46116,0.85263
-3.45871,0.85289
-3.45595,0.85318
-3.45296,0.85349
-3.44985,0.85380
-3.44670,0.85412
-3.44362,0.85443
-3.44070,0.85471
-3.43803,0.85497
-3.43532,0.85524
-3.43229,0.85557
-3.42904,0.85593
-3.42568,0.85632
-3.42229,0.85673
-3.41900,0.85714
-3.41589,0.85755
-3.41308,0.85793
-3.41023,0.85833
-3.40702,0.85880
-3.40356,0.85932
-3.39996,0.85987
-3.39632,0.86043
-3.39276,0.86099
-3.38939,0.86153
-3.38632,0.86204
-3.38320,0.86255
-3.37969,0.86313
-3.37591,0.86375
-3.37198,0.86439
-3.36801,0.86502
-3.36414,0.86564
-3.36047,0.86622
-3.35712,0.86673
-3.35373,0.86726
-3.34992,0.86787
-3.34582,0.86854
-3.34156,0.86925
-3.33727,0.86998
-3.33307,0.87069
-3.32910,0.87138
-3.32549,0.87201
-3.32184,0.87266
-3.31777,0.87335
-3.31341,0.87407
-3.30889,0.87480
-3.30436,0.87551
-3.29995,0.87617
-3.29579,0.87678
-3.29204,0.87731
-3.28824,0.87785
-3.28398,0.87846
-3.27940,0.87913
-3.27464,0.87984
-3.26986,0.88056
-3.26518,0.88128
-3.26076,0.88197
-3.25674,0.88261
-3.25269,0.88327
-3.24813,0.88403
-3.24323,0.88485
-3.23815,0.88572
-3.23303,0.88660
-3.22804,0.88747
-3.22332,0.88830
-3.21904,0.88906
-3.21474,0.88983
-3.20995,0.89066
-3.20485,0.89154
-3.19958,0.89242
-3.19432,0.89329
-3.18921,0.89412
-3.18442,0.89488
-3.18012,0.89555
-3.17579,0.89621
-3.17097,0.89697
-3.16580,0.89779
-3.16046,0.89866
-3.15510,0.89954
-3.14990,0.90042
-3.14500,0.90125
-3.14057,0.90201
-3.13612,0.90280
-3.13114,0.90370
-3.12582,0.90467
-3.12031,0.90570
-3.11479,0.90674
-3.10943,0.90777
-3.10438,0.90875
-3.09981,0.90965
-3.09480,0.91066
-3.08847,0.91195
-3.08107,0.91346
-3.07287,0.91515
-3.06413,0.91696
-3.05509,0.91884
-3.04601,0.92074
-3.03716,0.92259
-3.02786,0.92456
-3.01751,0.92680
-3.00644,0.92922
-2.99501,0.93175
-2.98357,0.93431
-2.97245,0.93682
-2.96201,0.93922
-2.95260,0.94141
-2.94320,0.94364
-2.93280,0.94617
-2.92174,0.94890
-2.91038,0.95174
-2.89904,0.95462
-2.88808,0.95744
-2.87784,0.96012
-2.86866,0.96257
-2.85993,0.96494
-2.85100,0.96741
-2.84212,0.96990
-2.83354,0.97235
-2.82550,0.97467
-2.81827,0.97680
-2.81208,0.97866
-2.80720,0.98018
-2.80276,0.98163
-2.79782,0.98325
-2.79255,0.98500
-2.78712,0.98682
-2.78170,0.98866
-2.77643,0.99046
-2.77150,0.99217
-2.76706,0.99372
-2.76263,0.99529
-2.75773,0.99706
-2.75252,0.99896
-2.74717,1.00094
-2.74184,1.00293
-2.73668,1.00489
-2.73186,1.00673
-2.72755,1.00841
-2.72323,1.01011
-2.71844,1.01199
-2.71334,1.01399
-2.70807,1.01606
-2.70281,1.01813
-2.69770,1.02013
-2.69291,1.02201
-2.68860,1.02371
-2.68428,1.02542
-2.67950,1.02736
-2.67439,1.02947
-2.66913,1.03168
-2.66386,1.03393
-2.65876,1.03613
-2.65398,1.03823
-2.64967,1.04015
-2.64536,1.04212
-2.64057,1.04432
-2.63546,1.04669
-2.63019,1.04915
-2.62492,1.05162
-2.61982,1.05403
-2.61503,1.05631
-2.61073,1.05837
-2.60642,1.06045
-2.60164,1.06276
-2.59653,1.06523
-2.59126,1.06778
-2.58600,1.07033
-2.58089,1.07279
-2.57611,1.07511
-2.57180,1.07719
-2.56749,1.07928
-2.56270,1.08163
-2.55759,1.08415
-2.55233,1.08677
-2.54706,1.08940
-2.54196,1.09197
-2.53717,1.09439
-2.53286,1.09659
-2.52815,1.09903
-2.52223,1.10214
-2.51532,1.10580
-2.50767,1.10988
-2.49952,1.11424
-2.49111,1.11876
-2.48267,1.12332
-2.47446,1.12778
-2.46583,1.13246
-2.45622,1.13765
-2.44595,1.14320
-2.43535,1.14892
-2.42473,1.15465
-2.41441,1.16020
-2.40473,1.16540
-2.39599,1.17008
-2.38725,1.17478
-2.37756,1.18002
-2.36725,1.18563
-2.35662,1.19143
-2.34601,1.19724
-2.33574,1.20289
-2.32613,1.20820
-2.31750,1.21300
-2.30889,1.21781
-2.29932,1.22316
-2.28911,1.22887
-2.27858,1.23475
-2.26805,1.24064
-2.25783,1.24634
-2.24826,1.25169
-2.23965,1.25651
-2.23104,1.26129
-2.22147,1.26657
-2.21126,1.27217
-2.20073,1.27791
-2.19019,1.28362
-2.17998,1.28912
-2.17040,1.29425
-2.16178,1.29882
-2.15078,1.30460
-2.13434,1.31317
-2.11327,1.32412
-2.08838,1.33703
-2.06045,1.35148
-2.03030,1.36706
-1.99873,1.38336
-1.96652,1.39996
-1.93193,1.41778
-1.89349,1.43759
-1.85248,1.45872
-1.81019,1.48050
-1.76790,1.50229
-1.72689,1.52342
-1.68846,1.54322
-1.65387,1.56104
-1.61928,1.57885
-1.58084,1.59861
-1.53982,1.61968
-1.49753,1.64139
-1.45523,1.66309
-1.41422,1.68412
-1.37578,1.70381
-1.34120,1.72151
-1.30660,1.73921
-1.26815,1.75891
-1.22713,1.77993
-1.18484,1.80163
-1.14254,1.82335
-1.10153,1.84442
-1.06309,1.86419
-1.02849,1.88200
-0.99550,1.89903
-0.96165,1.91654
-0.92789,1.93402
-0.89520,1.95100
-0.86452,1.96695
-0.83683,1.98139
-0.81309,1.99381
-0.79426,2.00373
-0.77704,2.01284
-0.75790,2.02299
-0.73747,2.03384
-0.71641,2.04504
-0.69535,2.05626
-0.67492,2.06715
-0.65577,2.07738
-0.63854,2.08661
-0.62210,2.09541
-0.60519,2.10443
-0.58832,2.11343
-0.57195,2.12213
-0.55656,2.13028
-0.54265,2.13764
-0.53069,2.14393
-0.52115,2.14892
-0.51242,2.15346
-0.50273,2.15848
-0.49242,2.16382
-0.48180,2.16931
-0.47119,2.17479
-0.46093,2.18009
-0.45132,2.18504
-0.44269,2.18948
-0.43408,2.19390
-0.42451,2.19881
-0.41429,2.20406
-0.40376,2.20946
-0.39323,2.21487
-0.38301,2.22011
-0.37344,2.22503
-0.36482,2.22946
-0.35621,2.23387
-0.34663,2.23875
-0.33642,2.24394
-0.32589,2.24928
-0.31536,2.25460
-0.30514,2.25974
-0.29556,2.26455
-0.28694,2.26885
-0.27872,2.27294
-0.27025,2.27713
-0.26178,2.28130
-0.25356,2.28532
-0.24582,2.28909
-0.23881,2.29248
-0.23277,2.29538
-0.22795,2.29767
-0.22352,2.29976
-0.21858,2.30210
-0.21332,2.30462
-0.20790,2.30724
-0.20247,2.30987
-0.19721,2.31244
-0.19228,2.31487
-0.18784,2.31707
-0.18295,2.31947
-0.17676,2.32248
-0.16952,2.32597
-0.16147,2.32982
-0.15289,2.33392
-0.14400,2.33814
-0.13507,2.34235
-0.12635,2.34645
-0.11717,2.35074
-0.10692,2.35551
-0.09595,2.36060
-0.08462,2.36585
-0.07325,2.37110
-0.06219,2.37618
-0.05179,2.38095
-0.04239,2.38524
-0.03298,2.38953
-0.02254,2.39426
-0.01143,2.39930
0.00001,2.40448
0.01143,2.40964
0.02250,2.41463
0.03285,2.41929
0.04215,2.42347
0.05100,2.42744
0.06007,2.43152
0.06911,2.43558
0.07786,2.43952
0.08606,2.44321
0.09345,2.44655
0.09978,2.44941
0.10479,2.45168
0.10936,2.45375
0.11441,2.45603
0.11978,2.45845
0.12530,2.46092
0.13080,2.46338
0.13613,2.46574
0.14110,2.46795
0.14556,2.46991
0.14998,2.47185
0.15488,2.47398
0.16009,2.47624
0.16544,2.47856
0.17078,2.48086
0.17594,2.48307
0.18076,2.48513
0.18508,2.48696
0.18939,2.48878
0.19418,2.49080
0.19928,2.49296
0.20455,2.49519
0.20982,2.49741
0.21492,2.49957
0.21971,2.50160
0.22402,2.50342
0.22831,2.50524
0.23303,2.50726
0.23803,2.50942
0.24314,2.51165
0.24822,2.51388
0.25312,2.51604
0.25767,2.51806
0.26173,2.51989
0.26574,2.52168
0.27015,2.52363
0.27482,2.52568
0.27961,2.52776
0.28437,2.52981
0.28895,2.53177
0.29322,2.53358
0.29702,2.53516
0.30078,2.53671
0.30493,2.53842
0.30934,2.54021
0.31386,2.54205
0.31838,2.54387
0.32273,2.54562
0.32680,2.54724
0.33044,2.54868
0.33406,2.55012
0.33803,2.55171
0.34223,2.55341
0.34653,2.55516
0.35079,2.55691
0.35489,2.55860
0.35870,2.56019
0.36208,2.56162
0.36542,2.56303
0.36909,2.56455
0.37297,2.56613
0.37693,2.56774
0.38087,2.56931
0.38465,2.57081
0.38816,2.57218
0.39128,2.57337
0.39434,2.57453
0.39768,2.57579
0.40119,2.57713
0.40475,2.57849
0.40826,2.57983
0.41162,2.58112
0.41471,2.58231
0.41744,2.58336
0.42014,2.58440
0.42313,2.58556
0.42632,2.58680
0.42962,2.58807
0.43292,2.58934
0.43612,2.59058
0.43912,2.59173
0.44182,2.59277
0.44449,2.59379
0.44740,2.59488
0.45048,2.59600
0.45362,2.59713
0.45672,2.59823
0.45971,2.59927
0.46247,2.60021
0.46492,2.60101
0.46733,2.60179
0.46998,2.60266
0.47279,2.60358
0.47568,2.60454
0.47854,2.60549
0.48131,2.60642
0.48389,2.60729
0.48619,2.60807
0.48847,2.60885
0.49098,2.60972
0.49364,2.61064
0.49637,2.61160
0.49908,2.61255
0.50169,2.61348
0.50412,2.61434
0.50628,2.61512
0.50843,2.61589
0.51079,2.61672
0.51329,2.61759
0.51585,2.61847
0.51839,2.61934
0.52084,2.62016
0.52312,2.62092
0.52516,2.62159
0.52718,2.62222
0.52942,2.62291
0.53181,2.62363
0.53428,2.62435
0.53675,2.62506
0.53914,2.62573
0.54139,2.62634
0.54342,2.62687
0.54560,2.62744
0.54831,2.62816
0.55144,2.62899
0.55487,2.62991
0.55851,2.63090
0.56224,2.63191
0.56596,2.63293
0.56956,2.63392
0.57331,2.63495
0.57746,2.63607
0.58187,2.63725
0.58640,2.63845
0.59092,2.63964
0.59528,2.64077
0.59936,2.64182
0.60301,2.64275
0.60666,2.64367
0.61073,2.64471
0.61509,2.64585
0.61961,2.64703
0.62414,2.64823
0.62855,2.64941
0.63270,2.65054
0.63646,2.65157
0.64007,2.65256
0.64381,2.65358
0.64755,2.65460
0.65119,2.65558
0.65463,2.65650
0.65775,2.65734
0.66046,2.65805
0.66265,2.65862
0.66467,2.65915
0.66691,2.65973
0.66930,2.66034
0.67177,2.66098
0.67424,2.66161
0.67663,2.66223
0.67888,2.66280
0.68090,2.66332
0.68352,2.66401
0.68750,2.66507
0.69265,2.66645
0.69876,2.66809
0.70564,2.66995
0.71310,2.67196
0.72092,2.67408
0.72893,2.67626
0.73755,2.67857
0.74712,2.68111
0.75734,2.68377
0.76787,2.68649
0.77841,2.68918
0.78862,2.69175
0.79819,2.69414
0.80680,2.69625
0.81542,2.69833
0.82499,2.70064
0.83520,2.70310
0.84573,2.70565
0.85626,2.70819
0.86648,2.71066
0.87605,2.71297
0.88467,2.71505
0.89329,2.71713
0.90286,2.71944
0.91307,2.72191
0.92361,2.72446
0.93414,2.72701
0.94435,2.72947
0.95392,2.73179
0.96254,2.73387
0.97036,2.73576
0.97765,2.73753
0.98426,2.73912
0.99003,2.74052
0.99479,2.74167
0.99839,2.74254
1.00067,2.74309
1.00146,2.74328
