# sensitometric green; x=relative log exposure y=Status A density; source build-tests/print-stocks/sheets/agfa-cp30_en.pdf page 5 path ['41.0']; x shifted by -0.0
-0.00554,0.10139
0.19559,0.10139
0.23853,0.11295
0.29051,0.13607
0.34249,0.14763
0.39673,0.14763
0.43967,0.15919
0.49165,0.17075
0.54363,0.19098
0.59787,0.22566
0.64081,0.26035
0.69279,0.30370
0.74477,0.35861
0.79675,0.42798
0.85099,0.50601
0.89393,0.60717
0.93687,0.72855
0.99110,0.86439
1.04308,1.02046
1.09506,1.19098
1.13800,1.37017
1.19224,1.56092
1.24422,1.74878
1.29620,1.95109
1.33914,2.16497
1.39112,2.37884
1.49734,2.79213
1.54932,2.98288
1.59226,3.17364
1.63746,3.35283
1.68944,3.50889
1.74141,3.65629
1.79339,3.78057
1.83859,3.87884
1.89057,3.97132
1.94255,4.03780
1.99453,4.09271
