# sensitometric red; x=relative log exposure y=Status A density; source build-tests/print-stocks/sheets/agfa-cp30_en.pdf page 5 path ['42.0']; x shifted by -0.0
-0.00554,0.10139
0.19559,0.10139
0.23853,0.11295
0.29051,0.13607
0.34249,0.13607
0.39673,0.14763
0.43967,0.17075
0.49165,0.19098
0.54363,0.21410
0.59787,0.23722
0.64081,0.28058
0.69279,0.33838
0.74477,0.41641
0.79675,0.50601
0.85099,0.60717
0.89393,0.72855
0.93687,0.86439
0.99110,1.02046
1.04308,1.19098
1.09506,1.37884
1.13800,1.59271
1.19224,1.81815
1.24422,2.05225
1.29620,2.28924
1.33914,2.53491
1.36626,2.65918
1.39112,2.78057
1.44536,3.00601
1.47022,3.11872
1.49734,3.21988
1.54932,3.39907
1.59226,3.55514
1.63746,3.69098
1.68944,3.78924
1.74141,3.87884
1.79339,3.94820
1.83859,4.01467
1.89057,4.06092
1.91769,4.06959
1.94255,4.08115
1.99453,4.09271
