# dyes midscale-neutral; x=wavelength (nm) y=diffuse spectral density (C-41, D-min included); source build-tests/print-stocks/sheets/kodak-portra800-E-4040-2025.pdf page 5 path ['34.0']; x shifted by -0.0
400.03907,1.33817
400.16528,1.33802
400.29793,1.33787
400.43433,1.33772
400.57176,1.33758
400.70751,1.33745
400.83887,1.33734
400.96313,1.33724
401.07759,1.33717
401.22007,1.33710
401.37443,1.33707
401.53578,1.33707
401.69920,1.33711
401.85980,1.33719
402.01268,1.33729
402.15292,1.33743
402.27564,1.33759
402.39614,1.33779
402.53003,1.33801
402.67285,1.33824
402.82013,1.33848
402.96741,1.33873
403.11023,1.33896
403.24412,1.33918
403.36462,1.33938
403.48173,1.33959
403.60592,1.33986
403.73342,1.34017
403.86049,1.34051
403.98336,1.34087
404.09827,1.34124
404.20147,1.34162
404.28920,1.34198
404.37139,1.34238
404.45869,1.34282
404.54844,1.34328
404.63795,1.34376
404.72457,1.34424
404.80562,1.34470
404.87842,1.34514
404.94032,1.34552
405.00113,1.34592
405.06855,1.34635
405.14032,1.34681
405.21419,1.34729
405.28790,1.34776
405.35921,1.34822
405.42587,1.34866
405.48562,1.34905
405.54480,1.34946
405.60864,1.34994
405.67512,1.35048
405.74220,1.35106
405.80782,1.35166
405.86996,1.35228
405.92656,1.35288
405.97559,1.35345
406.02509,1.35403
406.08193,1.35467
406.14415,1.35536
406.20978,1.35608
406.27687,1.35679
406.34344,1.35749
406.40753,1.35814
406.46717,1.35872
406.53192,1.35939
406.61405,1.36028
406.71019,1.36134
406.81694,1.36254
406.93095,1.36384
407.04882,1.36521
407.16720,1.36660
407.28269,1.36797
407.40208,1.36945
407.53278,1.37113
407.67055,1.37294
407.81111,1.37483
407.95022,1.37675
408.08364,1.37863
408.20709,1.38041
408.31633,1.38204
408.42558,1.38370
408.54905,1.38557
408.68253,1.38757
408.82176,1.38965
408.96252,1.39174
409.10057,1.39378
409.23168,1.39571
409.35160,1.39746
409.47157,1.39922
409.60508,1.40116
409.74767,1.40324
409.89487,1.40539
410.04223,1.40753
410.18528,1.40961
410.31955,1.41155
410.44059,1.41331
410.55944,1.41506
410.68971,1.41704
410.82712,1.41916
410.96738,1.42135
411.10618,1.42356
411.23924,1.42572
411.36227,1.42775
411.47098,1.42958
411.58129,1.43143
411.70555,1.43345
411.83954,1.43560
411.97904,1.43781
412.11984,1.44000
412.25772,1.44212
412.38847,1.44409
412.50786,1.44585
412.62830,1.44761
412.76200,1.44956
412.90456,1.45164
413.05155,1.45378
413.19853,1.45592
413.34109,1.45801
413.47480,1.45996
413.59523,1.46172
413.71462,1.46348
413.84532,1.46545
413.98308,1.46757
414.12364,1.46977
414.26276,1.47197
414.39617,1.47412
414.51962,1.47615
414.62886,1.47798
414.74814,1.48002
414.90035,1.48262
415.07918,1.48567
415.27835,1.48906
415.49156,1.49269
415.71251,1.49646
415.93492,1.50024
416.15247,1.50395
416.38275,1.50785
416.64047,1.51221
416.91693,1.51687
417.20341,1.52169
417.49118,1.52651
417.77153,1.53120
418.03574,1.53561
418.27510,1.53960
418.50385,1.54340
418.73652,1.54727
418.96668,1.55111
419.18787,1.55481
419.39365,1.55825
419.57757,1.56134
419.73318,1.56395
419.85404,1.56599
419.96375,1.56784
420.08745,1.56987
420.22095,1.57202
420.36008,1.57423
420.50065,1.57643
420.63850,1.57855
420.76945,1.58053
420.88931,1.58230
421.01931,1.58420
421.18155,1.58659
421.36950,1.58935
421.57664,1.59241
421.79645,1.59566
422.02240,1.59901
422.24797,1.60236
422.46663,1.60562
422.68523,1.60887
422.91063,1.61222
423.13638,1.61557
423.35601,1.61882
423.56304,1.62188
423.75102,1.62465
423.91348,1.62703
424.04395,1.62893
424.16445,1.63068
424.29834,1.63261
424.44116,1.63465
424.58845,1.63674
424.73573,1.63882
424.87855,1.64082
425.01244,1.64269
425.13294,1.64436
425.25343,1.64600
425.38730,1.64781
425.53006,1.64973
425.67723,1.65170
425.82431,1.65365
425.96684,1.65554
426.10033,1.65729
426.22029,1.65886
426.34079,1.66041
426.47468,1.66212
426.61750,1.66393
426.76478,1.66578
426.91207,1.66762
427.05489,1.66940
427.18878,1.67105
427.30928,1.67252
427.42913,1.67396
427.56006,1.67553
427.69784,1.67718
427.83831,1.67885
427.97724,1.68051
428.11045,1.68209
428.23374,1.68355
428.34292,1.68483
428.45263,1.68609
428.57630,1.68747
428.70974,1.68893
428.84875,1.69043
428.98914,1.69191
429.12670,1.69333
429.25724,1.69466
429.37657,1.69584
429.49753,1.69699
429.63164,1.69824
429.77449,1.69955
429.92167,1.70087
430.06877,1.70217
430.21139,1.70340
430.34512,1.70454
430.46555,1.70553
430.58494,1.70648
430.71567,1.70751
430.85349,1.70858
430.99417,1.70966
431.13348,1.71072
431.26718,1.71173
431.39104,1.71264
431.50082,1.71344
431.61006,1.71421
431.73348,1.71502
431.86683,1.71586
432.00583,1.71671
432.14620,1.71753
432.28367,1.71831
432.41397,1.71900
432.53282,1.71960
432.65228,1.72018
432.78317,1.72080
432.92119,1.72145
433.06206,1.72211
433.20147,1.72276
433.33514,1.72338
433.45878,1.72395
433.56810,1.72444
433.67734,1.72493
433.80079,1.72548
433.93420,1.72605
434.07332,1.72665
434.21388,1.72724
434.35164,1.72781
434.48235,1.72835
434.60174,1.72884
434.72224,1.72931
434.85610,1.72980
434.99886,1.73030
435.14603,1.73079
435.29312,1.73125
435.43565,1.73168
435.56913,1.73205
435.68910,1.73237
435.81964,1.73268
435.98230,1.73308
436.17060,1.73355
436.37805,1.73407
436.59817,1.73463
436.82447,1.73520
437.05047,1.73577
437.26967,1.73633
437.48827,1.73688
437.71367,1.73742
437.93942,1.73796
438.15905,1.73846
438.36608,1.73891
438.55406,1.73931
438.71652,1.73963
438.84698,1.73985
438.96584,1.74005
439.09614,1.74026
439.23361,1.74049
439.37398,1.74073
439.51298,1.74097
439.64633,1.74120
439.76976,1.74141
439.87900,1.74160
439.99993,1.74179
440.15572,1.74195
440.33991,1.74210
440.54599,1.74223
440.76748,1.74234
440.99790,1.74242
441.23076,1.74247
441.45958,1.74249
441.69997,1.74247
441.96719,1.74242
442.25234,1.74234
442.54653,1.74223
442.84087,1.74210
443.12647,1.74195
443.39445,1.74179
443.63592,1.74160
443.87527,1.74139
444.13946,1.74113
444.41975,1.74082
444.70741,1.74047
444.99369,1.74010
445.26986,1.73972
445.52718,1.73933
445.75692,1.73896
445.97605,1.73858
446.20186,1.73818
446.42790,1.73776
446.64772,1.73734
446.85488,1.73693
447.04292,1.73655
447.20540,1.73620
447.33587,1.73589
447.45533,1.73559
447.58621,1.73524
447.72423,1.73485
447.86510,1.73444
448.00451,1.73401
448.13818,1.73359
448.26182,1.73318
448.37114,1.73280
448.49146,1.73236
448.64666,1.73177
448.83030,1.73107
449.03588,1.73027
449.25696,1.72940
449.48706,1.72849
449.71971,1.72757
449.94846,1.72666
450.18835,1.72567
450.45294,1.72457
450.73352,1.72337
451.02136,1.72213
451.30776,1.72087
451.58399,1.71964
451.84133,1.71847
452.07107,1.71740
452.29971,1.71632
452.55387,1.71510
452.82504,1.71379
453.10472,1.71243
453.38440,1.71106
453.65557,1.70971
453.90973,1.70844
454.13836,1.70728
454.36753,1.70612
454.62209,1.70482
454.89355,1.70343
455.17342,1.70200
455.45322,1.70057
455.72445,1.69918
455.97863,1.69789
456.20727,1.69672
456.43590,1.69554
456.69006,1.69422
456.96123,1.69279
457.24091,1.69132
457.52059,1.68982
457.79176,1.68837
458.04592,1.68699
458.27455,1.68573
458.49322,1.68452
458.71881,1.68326
458.94482,1.68201
459.16474,1.68078
459.37208,1.67962
459.56032,1.67857
459.72296,1.67765
459.85350,1.67691
459.97353,1.67623
460.10718,1.67547
460.24991,1.67467
460.39718,1.67383
460.54445,1.67300
460.68718,1.67219
460.82083,1.67144
460.94086,1.67075
461.06025,1.67005
461.19098,1.66924
461.32880,1.66835
461.46948,1.66741
461.60879,1.66644
461.74249,1.66549
461.86635,1.66457
461.97613,1.66371
462.08544,1.66284
462.20905,1.66187
462.34266,1.66083
462.48196,1.65975
462.62263,1.65868
462.76036,1.65763
462.89084,1.65666
463.00976,1.65578
463.13026,1.65490
463.26415,1.65390
463.40697,1.65283
463.55426,1.65170
463.70154,1.65057
463.84436,1.64945
463.97825,1.64840
464.09875,1.64744
464.21871,1.64644
464.35218,1.64531
464.49465,1.64407
464.64162,1.64277
464.78859,1.64145
464.93105,1.64015
465.06452,1.63890
465.18448,1.63775
465.30505,1.63658
465.43910,1.63528
465.58212,1.63390
465.72958,1.63247
465.87697,1.63104
466.01976,1.62966
466.15344,1.62836
466.27347,1.62720
466.39286,1.62602
466.52359,1.62469
466.66141,1.62327
466.80209,1.62178
466.94139,1.62029
467.07509,1.61882
467.19895,1.61744
467.30873,1.61618
467.42912,1.61479
467.58449,1.61303
467.76832,1.61096
467.97409,1.60866
468.19527,1.60620
468.42534,1.60366
468.65778,1.60110
468.88605,1.59860
469.12712,1.59598
469.39507,1.59308
469.68091,1.59000
469.97565,1.58683
470.27032,1.58368
470.55593,1.58064
470.82350,1.57780
471.06403,1.57526
471.30385,1.57272
471.56828,1.56990
471.84866,1.56690
472.13633,1.56380
472.42262,1.56071
472.69887,1.55771
472.95644,1.55489
473.18665,1.55236
473.41686,1.54982
473.67443,1.54698
473.95069,1.54394
474.23698,1.54080
474.52464,1.53764
474.80502,1.53456
475.06945,1.53167
475.30927,1.52904
475.54857,1.52642
475.81262,1.52352
476.09277,1.52045
476.38036,1.51728
476.66673,1.51413
476.94321,1.51109
477.20116,1.50825
477.43191,1.50571
477.66048,1.50319
477.91447,1.50041
478.18544,1.49745
478.46494,1.49441
478.74451,1.49138
479.01571,1.48845
479.27008,1.48572
479.49918,1.48327
479.72781,1.48084
479.98197,1.47813
480.25314,1.47525
480.53282,1.47227
480.81250,1.46930
481.08368,1.46641
481.33783,1.46370
481.56647,1.46126
481.79564,1.45883
482.05020,1.45612
482.32166,1.45324
482.60153,1.45026
482.88133,1.44729
483.15256,1.44441
483.40673,1.44170
483.63537,1.43927
483.85451,1.43695
484.08032,1.43458
484.30636,1.43222
484.52618,1.42994
484.73334,1.42781
484.92138,1.42590
485.08385,1.42427
485.21432,1.42299
485.33475,1.42183
485.46846,1.42055
485.61102,1.41920
485.75801,1.41782
485.90499,1.41646
486.04755,1.41514
486.18125,1.41393
486.30168,1.41285
486.42107,1.41179
486.55177,1.41063
486.68954,1.40940
486.83010,1.40815
486.96922,1.40690
487.10263,1.40571
487.22609,1.40460
487.33533,1.40362
487.44464,1.40266
487.56828,1.40163
487.70195,1.40056
487.84136,1.39948
487.98223,1.39842
488.12025,1.39741
488.25114,1.39649
488.37060,1.39569
488.49016,1.39492
488.62361,1.39408
488.76637,1.39320
488.91386,1.39231
489.06150,1.39142
489.20472,1.39057
489.33894,1.38979
489.45957,1.38909
489.57843,1.38842
489.70872,1.38768
489.84619,1.38692
489.98656,1.38614
490.12556,1.38537
490.25891,1.38464
490.38235,1.38397
490.49159,1.38337
490.60144,1.38280
490.72546,1.38218
490.85936,1.38153
490.99885,1.38087
491.13964,1.38022
491.27743,1.37960
491.40794,1.37904
491.52686,1.37854
491.64683,1.37806
491.78031,1.37755
491.92284,1.37701
492.06993,1.37647
492.21709,1.37594
492.35985,1.37543
492.49372,1.37498
492.61422,1.37458
492.73519,1.37419
492.86932,1.37378
493.01223,1.37336
493.15952,1.37294
493.30682,1.37253
493.44973,1.37214
493.58386,1.37179
493.70483,1.37149
493.82426,1.37121
493.95734,1.37091
494.09958,1.37060
494.24648,1.37029
494.39352,1.37000
494.53622,1.36973
494.67006,1.36948
494.79055,1.36928
494.90994,1.36909
495.04067,1.36888
495.17849,1.36865
495.31917,1.36841
495.45848,1.36817
495.59218,1.36794
495.71604,1.36772
495.82582,1.36753
495.93506,1.36735
496.05852,1.36718
496.19193,1.36704
496.33105,1.36691
496.47162,1.36680
496.60938,1.36672
496.74008,1.36668
496.85947,1.36666
496.97990,1.36667
497.11363,1.36669
497.25625,1.36673
497.40335,1.36678
497.55052,1.36685
497.69337,1.36692
497.82748,1.36700
497.94845,1.36709
498.06777,1.36719
498.19829,1.36733
498.33579,1.36748
498.47606,1.36766
498.61488,1.36784
498.74803,1.36803
498.87129,1.36822
498.98046,1.36841
499.09024,1.36863
499.21410,1.36890
499.34780,1.36921
499.48711,1.36956
499.62779,1.36993
499.76561,1.37031
499.89634,1.37069
500.01573,1.37107
500.13465,1.37145
500.26511,1.37188
500.40279,1.37233
500.54334,1.37281
500.68244,1.37328
500.81577,1.37375
500.93898,1.37418
501.04775,1.37458
501.16868,1.37501
501.32450,1.37557
501.50874,1.37623
501.71494,1.37698
501.93662,1.37777
502.16733,1.37861
502.40060,1.37945
502.62995,1.38028
502.85817,1.38112
503.09044,1.38200
503.32031,1.38288
503.54131,1.38373
503.74697,1.38454
503.93082,1.38528
504.08641,1.38593
504.20726,1.38645
504.31651,1.38692
504.43997,1.38741
504.57338,1.38791
504.71250,1.38840
504.85306,1.38887
504.99082,1.38929
505.12153,1.38967
505.24092,1.38998
505.37132,1.39029
505.53361,1.39066
505.72138,1.39109
505.92824,1.39155
506.14776,1.39203
506.37354,1.39253
506.59916,1.39302
506.81823,1.39349
507.04844,1.39397
507.30601,1.39449
507.58227,1.39503
507.86856,1.39557
508.15623,1.39610
508.43661,1.39661
508.70104,1.39707
508.94086,1.39746
509.18022,1.39786
509.44443,1.39831
509.72478,1.39881
510.01255,1.39933
510.29902,1.39987
510.57548,1.40041
510.83321,1.40092
511.06349,1.40140
511.29369,1.40189
511.55126,1.40244
511.82752,1.40302
512.11381,1.40362
512.40148,1.40421
512.68186,1.40479
512.94629,1.40532
513.18611,1.40581
513.42547,1.40631
513.68969,1.40691
513.97003,1.40757
514.25780,1.40827
514.54428,1.40900
514.82073,1.40973
515.07846,1.41044
515.30874,1.41110
515.53848,1.41179
515.79583,1.41260
516.07205,1.41349
516.35845,1.41443
516.64630,1.41539
516.92688,1.41635
517.19147,1.41728
517.43137,1.41814
517.67112,1.41900
517.93537,1.41995
518.21549,1.42095
518.50285,1.42196
518.78885,1.42297
519.06484,1.42393
519.32222,1.42482
519.55236,1.42561
519.78257,1.42639
520.04011,1.42723
520.31631,1.42812
520.60249,1.42902
520.88996,1.42990
521.17005,1.43075
521.43408,1.43153
521.67337,1.43222
521.91490,1.43288
522.18306,1.43359
522.46892,1.43432
522.76356,1.43505
523.05805,1.43575
523.34346,1.43641
523.61087,1.43700
523.85134,1.43751
524.09116,1.43797
524.35561,1.43846
524.63605,1.43896
524.92383,1.43944
525.21032,1.43990
525.48687,1.44033
525.74483,1.44071
525.97558,1.44102
526.20525,1.44131
526.46241,1.44164
526.73838,1.44199
527.02448,1.44234
527.31203,1.44270
527.59235,1.44305
527.85676,1.44337
528.09659,1.44367
528.33648,1.44397
528.60110,1.44432
528.88173,1.44470
529.16969,1.44511
529.45628,1.44553
529.73280,1.44595
529.99055,1.44636
530.22083,1.44674
530.43950,1.44713
530.66506,1.44753
530.89101,1.44795
531.11082,1.44837
531.31796,1.44878
531.50591,1.44917
531.66815,1.44951
531.79814,1.44981
531.91747,1.45010
532.04801,1.45043
532.18558,1.45078
532.32596,1.45114
532.46497,1.45150
532.59842,1.45185
532.72209,1.45217
532.83180,1.45247
532.95202,1.45281
533.10470,1.45326
533.28371,1.45381
533.48290,1.45443
533.69614,1.45511
533.91727,1.45583
534.14016,1.45656
534.35866,1.45730
534.57672,1.45804
534.80172,1.45878
535.02718,1.45950
535.24661,1.46019
535.45353,1.46081
535.64144,1.46136
535.80388,1.46181
535.93434,1.46214
536.05524,1.46243
536.18915,1.46272
536.33167,1.46303
536.47844,1.46333
536.62504,1.46362
536.76711,1.46390
536.90025,1.46414
537.02008,1.46435
537.13994,1.46455
537.27093,1.46477
537.40890,1.46500
537.54972,1.46524
537.68923,1.46548
537.82331,1.46571
537.94781,1.46592
538.05860,1.46611
538.16784,1.46629
538.29127,1.46645
538.42462,1.46660
538.56362,1.46673
538.70399,1.46683
538.84147,1.46691
538.97177,1.46697
539.09062,1.46698
539.21072,1.46697
539.34455,1.46695
539.48754,1.46691
539.63511,1.46686
539.78267,1.46679
539.92566,1.46672
540.05949,1.46664
540.17959,1.46655
540.29844,1.46645
540.42874,1.46631
540.56622,1.46616
540.70659,1.46599
540.84559,1.46580
540.97894,1.46561
541.10237,1.46542
541.21161,1.46523
541.32132,1.46504
541.44502,1.46482
541.57852,1.46459
541.71765,1.46435
541.85823,1.46411
541.99608,1.46387
542.12702,1.46365
542.24688,1.46346
542.36745,1.46324
542.50148,1.46298
542.64444,1.46267
542.79179,1.46232
542.93898,1.46196
543.08148,1.46158
543.21474,1.46120
543.33424,1.46082
543.45481,1.46044
543.58886,1.46000
543.73188,1.45954
543.87935,1.45907
544.02674,1.45859
544.16953,1.45813
544.30320,1.45769
544.42323,1.45730
544.54459,1.45689
544.67876,1.45641
544.82143,1.45587
544.96832,1.45529
545.11514,1.45469
545.25758,1.45408
545.39137,1.45348
545.51220,1.45292
545.63173,1.45233
545.76276,1.45168
545.90092,1.45098
546.04185,1.45027
546.18117,1.44955
546.31453,1.44886
546.43755,1.44822
546.54586,1.44764
546.65510,1.44703
546.77857,1.44633
546.91204,1.44555
547.05127,1.44473
547.19203,1.44388
547.33009,1.44303
547.46120,1.44222
547.58113,1.44145
547.70055,1.44067
547.83366,1.43978
547.97595,1.43881
548.12296,1.43781
548.27021,1.43680
548.41319,1.43580
548.54745,1.43486
548.66849,1.43399
548.78835,1.43310
548.91931,1.43207
549.05722,1.43095
549.19791,1.42977
549.33723,1.42856
549.47102,1.42737
549.59512,1.42623
549.70537,1.42518
549.81394,1.42411
549.93667,1.42292
550.06939,1.42165
550.20795,1.42034
550.34819,1.41903
550.48594,1.41776
550.61706,1.41657
550.73739,1.41549
550.85631,1.41440
550.98674,1.41316
551.12436,1.41181
551.26479,1.41039
551.40370,1.40895
551.53673,1.40753
551.65954,1.40618
551.76777,1.40494
551.87755,1.40368
552.00146,1.40227
552.13528,1.40078
552.27482,1.39923
552.41589,1.39768
552.55429,1.39618
552.68582,1.39476
552.80629,1.39349
552.92625,1.39221
553.05972,1.39075
553.20218,1.38917
553.34915,1.38751
553.49613,1.38584
553.63860,1.38419
553.77207,1.38262
553.89203,1.38117
554.02263,1.37958
554.18543,1.37757
554.37387,1.37523
554.58139,1.37264
554.80142,1.36987
555.02740,1.36702
555.25276,1.36416
555.47096,1.36137
555.69010,1.35857
555.91591,1.35569
556.14195,1.35279
556.36177,1.34998
556.56893,1.34732
556.75697,1.34490
556.91944,1.34281
557.04991,1.34113
557.16930,1.33956
557.30001,1.33780
557.43777,1.33591
557.57833,1.33395
557.71745,1.33198
557.85086,1.33006
557.97432,1.32825
558.08356,1.32660
558.19320,1.32494
558.31667,1.32307
558.44979,1.32107
558.58838,1.31899
558.72827,1.31690
558.86528,1.31486
558.99523,1.31294
559.11394,1.31120
559.23504,1.30944
559.36948,1.30747
559.51273,1.30535
559.66027,1.30315
559.80758,1.30094
559.95014,1.29879
560.08344,1.29676
560.20294,1.29491
560.33354,1.29289
560.49636,1.29034
560.68486,1.28737
560.89250,1.28409
561.11272,1.28059
561.33899,1.27698
561.56477,1.27337
561.78350,1.26985
562.01425,1.26611
562.27219,1.26192
562.54868,1.25740
562.83505,1.25271
563.12264,1.24799
563.40279,1.24338
563.66684,1.23902
563.90613,1.23506
564.13545,1.23125
564.37091,1.22732
564.60584,1.22340
564.83356,1.21960
565.04739,1.21602
565.24066,1.21278
565.40669,1.21000
565.53880,1.20777
565.65773,1.20572
565.78821,1.20342
565.92594,1.20095
566.06661,1.19840
566.20591,1.19584
566.33952,1.19334
566.46313,1.19099
566.57244,1.18886
566.69329,1.18651
566.84891,1.18354
567.03283,1.18006
567.23861,1.17621
567.45980,1.17209
567.68996,1.16783
567.92264,1.16354
568.15139,1.15936
568.39075,1.15497
568.65498,1.15007
568.93539,1.14484
569.22328,1.13942
569.50994,1.13400
569.78669,1.12873
570.04481,1.12377
570.27563,1.11930
570.50537,1.11483
570.76269,1.10985
571.03886,1.10454
571.32514,1.09907
571.61280,1.09360
571.89309,1.08830
572.15728,1.08332
572.39664,1.07885
572.63757,1.07436
572.90516,1.06938
573.19054,1.06406
573.48480,1.05858
573.77907,1.05310
574.06444,1.04779
574.33204,1.04281
574.57297,1.03833
574.81239,1.03384
575.07677,1.02881
575.35732,1.02342
575.64527,1.01784
575.93185,1.01223
576.20828,1.00677
576.46579,1.00163
576.69560,0.99697
576.92540,0.99232
577.18289,0.98717
577.45926,0.98171
577.74573,0.97611
578.03349,0.97053
578.31375,0.96514
578.57772,0.96011
578.81661,0.95562
579.04596,0.95135
579.27918,0.94698
579.50977,0.94265
579.73122,0.93846
579.93703,0.93455
580.12069,0.93103
580.27570,0.92803
580.39556,0.92568
580.50487,0.92354
580.62850,0.92119
580.76217,0.91868
580.90159,0.91612
581.04245,0.91356
581.18048,0.91109
581.31136,0.90879
581.43083,0.90673
581.56182,0.90451
581.72464,0.90173
581.91278,0.89850
582.11977,0.89493
582.33913,0.89112
582.56436,0.88721
582.78898,0.88328
583.00650,0.87946
583.22664,0.87567
583.45305,0.87180
583.67935,0.86796
583.89914,0.86426
584.10603,0.86082
584.29365,0.85773
584.45558,0.85510
584.58545,0.85305
584.70531,0.85121
584.83624,0.84915
584.97403,0.84696
585.11449,0.84470
585.25342,0.84244
585.38663,0.84025
585.50993,0.83820
585.61911,0.83635
585.72935,0.83451
585.85342,0.83247
585.98715,0.83032
586.12636,0.82810
586.26686,0.82591
586.40448,0.82378
586.53505,0.82181
586.65438,0.82005
586.77487,0.81829
586.90874,0.81634
587.05149,0.81426
587.19866,0.81212
587.34575,0.80997
587.48828,0.80790
587.62177,0.80595
587.74173,0.80419
587.86126,0.80246
587.99230,0.80057
588.13052,0.79857
588.27157,0.79653
588.41109,0.79452
588.54474,0.79259
588.66816,0.79081
588.77700,0.78924
588.88570,0.78770
589.00875,0.78599
589.14187,0.78419
589.28079,0.78233
589.42124,0.78050
589.55894,0.77872
589.68961,0.77708
589.80900,0.77561
589.92950,0.77416
590.06342,0.77256
590.20630,0.77087
590.35370,0.76914
590.50118,0.76742
590.64429,0.76577
590.77859,0.76423
590.89963,0.76286
591.01955,0.76150
591.15064,0.76001
591.28862,0.75843
591.42926,0.75681
591.56830,0.75521
591.70148,0.75367
591.82455,0.75223
591.93326,0.75096
592.04250,0.74968
592.16596,0.74827
592.29937,0.74677
592.43848,0.74522
592.57905,0.74367
592.71681,0.74218
592.84751,0.74078
592.96690,0.73951
593.08740,0.73826
593.22127,0.73690
593.36402,0.73548
593.51119,0.73404
593.65828,0.73262
593.80080,0.73127
593.93429,0.73003
594.05425,0.72895
594.17529,0.72789
594.30958,0.72672
594.45269,0.72549
594.60017,0.72423
594.74757,0.72299
594.89045,0.72179
595.02436,0.72069
595.14486,0.71971
595.26325,0.71873
595.39333,0.71765
595.53078,0.71649
595.67126,0.71530
595.81043,0.71410
595.94399,0.71295
596.06758,0.71187
596.17688,0.71089
596.28666,0.70994
596.41052,0.70891
596.54422,0.70784
596.68353,0.70676
596.82422,0.70570
596.96204,0.70469
597.09276,0.70377
597.21215,0.70297
597.33212,0.70221
597.46565,0.70137
597.60830,0.70049
597.75563,0.69959
597.90318,0.69870
598.04652,0.69784
598.18119,0.69706
598.30276,0.69636
598.42265,0.69570
598.55596,0.69497
598.69823,0.69421
598.84502,0.69343
598.99188,0.69266
599.13438,0.69192
599.26807,0.69125
599.38850,0.69065
599.50742,0.69008
599.63788,0.68946
599.77555,0.68882
599.91611,0.68816
600.05521,0.68751
600.18853,0.68689
600.31175,0.68632
600.42052,0.68582
600.53030,0.68535
600.65416,0.68486
600.78786,0.68436
600.92716,0.68387
601.06784,0.68341
601.20566,0.68298
601.33638,0.68261
601.45577,0.68230
601.57674,0.68200
601.71088,0.68168
601.85379,0.68133
602.00108,0.68098
602.14838,0.68062
602.29129,0.68028
602.42542,0.67996
602.54640,0.67967
602.66636,0.67939
602.79985,0.67911
602.94238,0.67884
603.08946,0.67859
603.23663,0.67836
603.37939,0.67816
603.51326,0.67800
603.63376,0.67789
603.75268,0.67779
603.88314,0.67768
604.02081,0.67757
604.16136,0.67745
604.30046,0.67733
604.43378,0.67721
604.55699,0.67710
604.66575,0.67699
604.78708,0.67691
604.94291,0.67684
605.12686,0.67677
605.33254,0.67670
605.55355,0.67665
605.78351,0.67661
606.01602,0.67658
606.24470,0.67657
606.47456,0.67658
606.71043,0.67661
606.94565,0.67665
607.17356,0.67670
607.38751,0.67677
607.58084,0.67684
607.74689,0.67691
607.87901,0.67699
607.99793,0.67711
608.12839,0.67728
608.26606,0.67748
608.40661,0.67771
608.54570,0.67796
608.67902,0.67823
608.80223,0.67850
608.91101,0.67877
609.02026,0.67907
609.14373,0.67939
609.27721,0.67974
609.41644,0.68010
609.55720,0.68046
609.69525,0.68081
609.82635,0.68114
609.94628,0.68143
610.06711,0.68172
610.20087,0.68207
610.34326,0.68245
610.48995,0.68286
610.63665,0.68328
610.77904,0.68370
610.91280,0.68410
611.03363,0.68448
611.16518,0.68492
611.32844,0.68549
611.51701,0.68616
611.72443,0.68690
611.94430,0.68770
612.17017,0.68854
612.39562,0.68938
612.61422,0.69021
612.84396,0.69110
613.10126,0.69210
613.37736,0.69318
613.66352,0.69431
613.95098,0.69545
614.23098,0.69656
614.49477,0.69761
614.73360,0.69858
614.97553,0.69956
615.24380,0.70067
615.52961,0.70187
615.82421,0.70311
616.11880,0.70437
616.40461,0.70560
616.67288,0.70677
616.91482,0.70783
617.15369,0.70891
617.41762,0.71015
617.69776,0.71150
617.98528,0.71291
618.27135,0.71435
618.54714,0.71577
618.80382,0.71712
619.03255,0.71837
619.26330,0.71964
619.52129,0.72105
619.79790,0.72255
620.08450,0.72410
620.37248,0.72565
620.65321,0.72715
620.91806,0.72856
621.15843,0.72983
621.39825,0.73111
621.66266,0.73256
621.94298,0.73414
622.23053,0.73580
622.51664,0.73747
622.79261,0.73912
623.04977,0.74069
623.27944,0.74213
623.50855,0.74361
623.76296,0.74526
624.03428,0.74704
624.31409,0.74888
624.59397,0.75073
624.86552,0.75253
625.12032,0.75424
625.34996,0.75579
625.57853,0.75736
625.83248,0.75912
626.10334,0.76101
626.38260,0.76296
626.66179,0.76493
626.93241,0.76685
627.18598,0.76866
627.41400,0.77031
627.64468,0.77197
627.90248,0.77384
628.17883,0.77584
628.46514,0.77792
628.75282,0.78001
629.03329,0.78204
629.29797,0.78396
629.53826,0.78570
629.77815,0.78745
630.04272,0.78940
630.32323,0.79148
630.61096,0.79362
630.89716,0.79577
631.17310,0.79785
631.43004,0.79980
631.65925,0.80155
631.88843,0.80332
632.14301,0.80529
632.41453,0.80741
632.69452,0.80961
632.97451,0.81181
633.24603,0.81396
633.50062,0.81599
633.72979,0.81782
633.95913,0.81968
634.21637,0.82175
634.49265,0.82395
634.77910,0.82621
635.06684,0.82847
635.34702,0.83067
635.61075,0.83273
635.84917,0.83458
636.11175,0.83662
636.44027,0.83922
636.82164,0.84227
637.24274,0.84566
637.69048,0.84929
638.15173,0.85305
638.61341,0.85684
639.06241,0.86054
639.53243,0.86443
640.05439,0.86874
640.61090,0.87331
641.18463,0.87802
641.75820,0.88271
642.31426,0.88726
642.83545,0.89150
643.30441,0.89531
643.77450,0.89911
644.29666,0.90333
644.85349,0.90783
645.42763,0.91247
646.00169,0.91710
646.55830,0.92160
647.08007,0.92582
647.54964,0.92963
648.01884,0.93342
648.53834,0.93761
649.09084,0.94208
649.65905,0.94667
650.22565,0.95125
650.77334,0.95568
651.28483,0.95981
651.74281,0.96351
652.17953,0.96704
652.63011,0.97067
653.08152,0.97429
653.52076,0.97779
653.93482,0.98107
654.31069,0.98404
654.63535,0.98658
654.89581,0.98861
655.13665,0.99045
655.40173,0.99248
655.68249,0.99463
655.97036,0.99683
656.25678,0.99903
656.53319,1.00115
656.79101,1.00313
657.02169,1.00490
657.27248,1.00679
657.59017,1.00914
657.96185,1.01187
658.37459,1.01487
658.81549,1.01806
659.27163,1.02133
659.73010,1.02460
660.17798,1.02777
660.62485,1.03092
661.08271,1.03413
661.53859,1.03732
661.97951,1.04040
662.39251,1.04328
662.76461,1.04586
663.08284,1.04806
663.33424,1.04978
663.56445,1.05133
663.82202,1.05304
664.09828,1.05484
664.38457,1.05669
664.67224,1.05853
664.95261,1.06030
665.21704,1.06194
665.45687,1.06340
665.71891,1.06499
666.04704,1.06695
666.42811,1.06921
666.84902,1.07169
667.29664,1.07433
667.75783,1.07703
668.21948,1.07972
668.66846,1.08233
669.11534,1.08492
669.57316,1.08757
670.02892,1.09019
670.46961,1.09272
670.88222,1.09507
671.25375,1.09719
671.57117,1.09898
671.82149,1.10038
672.05170,1.10164
672.30929,1.10302
672.58560,1.10448
672.87201,1.10597
673.15987,1.10745
673.44054,1.10888
673.70537,1.11020
673.94574,1.11138
674.18673,1.11255
674.45449,1.11385
674.74007,1.11523
675.03452,1.11666
675.32889,1.11808
675.61424,1.11947
675.88162,1.12077
676.12209,1.12193
676.36184,1.12310
676.62611,1.12438
676.90629,1.12573
677.19378,1.12710
677.47997,1.12847
677.75625,1.12978
678.01404,1.13100
678.24472,1.13208
678.47533,1.13314
678.73295,1.13430
679.00903,1.13553
679.29504,1.13678
679.58242,1.13803
679.86263,1.13922
680.12712,1.14033
680.36734,1.14132
680.60669,1.14228
680.87090,1.14331
681.15125,1.14438
681.43902,1.14546
681.72550,1.14652
682.00196,1.14753
682.25969,1.14845
682.48997,1.14925
682.71854,1.15002
682.97253,1.15083
683.24350,1.15167
683.52300,1.15251
683.80257,1.15333
684.07377,1.15410
684.32814,1.15481
684.55723,1.15541
684.78580,1.15599
685.03980,1.15661
685.31077,1.15726
685.59028,1.15792
685.86986,1.15856
686.14106,1.15918
686.39544,1.15975
686.62455,1.16026
686.85475,1.16073
687.11233,1.16125
687.38864,1.16178
687.67504,1.16233
687.96290,1.16285
688.24358,1.16335
688.50842,1.16381
688.74879,1.16420
688.98714,1.16458
689.25075,1.16496
689.53084,1.16534
689.81864,1.16571
690.10537,1.16605
690.38226,1.16637
690.64052,1.16663
690.87139,1.16685
691.10050,1.16703
691.35490,1.16723
691.62617,1.16742
691.90586,1.16760
692.18556,1.16778
692.45681,1.16793
692.71120,1.16807
692.94030,1.16818
693.16951,1.16826
693.42646,1.16833
693.70240,1.16841
693.98860,1.16847
694.27633,1.16852
694.55684,1.16856
694.82142,1.16859
695.06131,1.16860
695.30277,1.16858
695.57077,1.16853
695.85644,1.16845
696.15090,1.16835
696.44529,1.16822
696.73073,1.16807
696.99836,1.16791
697.23930,1.16773
697.47818,1.16752
697.74215,1.16727
698.02241,1.16700
698.31016,1.16671
698.59661,1.16641
698.87298,1.16610
699.13046,1.16580
699.36026,1.16552
699.43972,1.16542
699.52282,1.16531
699.60924,1.16519
699.69865,1.16506
699.79073,1.16492
699.88516,1.16478
699.98161,1.16464
700.07977,1.16449
