# sensitivity magenta-forming; x=wavelength (nm) y=log sensitivity (Status M, 0.2 > D-min, daylight 1/200 s); source build-tests/print-stocks/sheets/kodak-portra800-E-4040-2025.pdf page 4 path ['64.0']; x shifted by -0.0
389.96509,0.92670
390.61034,0.96883
391.13289,1.00242
391.61016,1.03607
392.06296,1.06974
392.51211,1.10340
392.97843,1.13702
393.48273,1.17055
394.04583,1.20396
394.68855,1.23720
395.00741,1.25129
395.54554,1.27235
395.93678,1.28265
396.32866,1.29272
396.73397,1.30254
397.16550,1.31213
397.63603,1.32149
398.15835,1.33062
398.74524,1.33953
399.40950,1.34821
399.94519,1.35665
401.23318,1.37347
402.41405,1.38613
403.05929,1.39038
403.70203,1.39457
404.34477,1.39739
404.98751,1.39879
405.63276,1.39879
406.27550,1.39739
406.92075,1.39457
407.56349,1.39038
408.74435,1.38054
410.03234,1.37208
412.50119,1.35665
414.97004,1.33978
417.43890,1.32435
420.01244,1.31024
422.48129,1.29482
423.66216,1.28635
424.95014,1.28074
426.23813,1.27652
427.41900,1.27515
428.70698,1.27235
429.99497,1.26811
431.28296,1.26109
432.57095,1.25268
433.75181,1.24285
435.03737,1.23299
435.68011,1.22734
436.14869,1.22220
436.58075,1.21699
436.99278,1.21175
437.40127,1.20653
437.82273,1.20137
438.27364,1.19630
438.77051,1.19137
439.32982,1.18663
439.97256,1.18241
440.61530,1.17959
441.26055,1.17819
442.43891,1.17959
443.72940,1.18096
445.01739,1.18384
446.30538,1.18518
447.48381,1.18803
448.66467,1.19082
449.95266,1.19644
451.24065,1.20488
452.41901,1.21332
453.70699,1.22452
454.99749,1.23438
456.28297,1.24422
457.57347,1.25548
458.75182,1.26389
459.39456,1.26811
460.03981,1.27093
461.32780,1.27375
462.50623,1.27515
463.68709,1.27375
464.97257,1.27235
465.61782,1.27093
466.11982,1.26879
466.56952,1.26635
466.98846,1.26382
467.39814,1.26139
467.82008,1.25928
468.27580,1.25768
468.78682,1.25682
469.37466,1.25688
470.01991,1.25830
470.55552,1.26109
471.18567,1.26569
471.78361,1.27079
472.34448,1.27636
472.86339,1.28238
473.33547,1.28880
473.75585,1.29561
474.11965,1.30277
474.42200,1.31024
474.95761,1.32572
475.60286,1.34961
476.20265,1.37595
476.74267,1.40275
477.23417,1.42989
477.68838,1.45723
478.11655,1.48465
478.52991,1.51200
478.93972,1.53916
479.35719,1.56599
480.00244,1.61237
480.32381,1.63763
480.93753,1.69112
481.46810,1.74472
481.94799,1.79837
482.40965,1.85204
482.88557,1.90569
483.40820,1.95929
484.01001,2.01279
484.72347,2.06616
485.04484,2.08303
485.15196,2.08865
485.70855,2.09638
486.20129,2.10126
486.66116,2.10393
487.11913,2.10504
487.60618,2.10524
488.15329,2.10519
488.79141,2.10552
489.55154,2.10690
489.98003,2.10972
490.62026,2.12092
491.18021,2.13289
491.67257,2.14508
492.11827,2.15746
492.53825,2.16997
492.95345,2.18260
493.38478,2.19529
493.85319,2.20801
494.37961,2.22072
495.02486,2.23473
496.31041,2.26004
497.59840,2.28390
498.77927,2.30500
499.42451,2.31343
500.06725,2.32187
500.71250,2.32749
501.35775,2.33311
501.89337,2.33593
502.53862,2.33875
503.71446,2.34297
504.35971,2.34434
505.00245,2.34858
507.47130,2.36680
510.04484,2.38932
511.33527,2.40195
512.51370,2.41601
513.69456,2.43146
514.98506,2.44411
516.27305,2.45535
517.45391,2.46518
518.73688,2.47641
520.02989,2.48767
521.31286,2.50170
522.60335,2.51715
525.06726,2.54948
526.36019,2.56773
527.54106,2.58600
528.71949,2.60427
530.00497,2.62254
531.29296,2.63939
532.47633,2.65345
535.05230,2.68435
537.52116,2.71525
539.98750,2.74758
540.63275,2.75599
541.09909,2.76327
541.53223,2.77028
541.94919,2.77706
542.36700,2.78367
542.80268,2.79015
543.27325,2.79657
543.79574,2.80296
544.38716,2.80939
545.03233,2.81503
545.67507,2.81922
546.31788,2.82204
546.96556,2.82347
548.78917,2.82347
550.07472,2.82204
551.36271,2.81922
552.54358,2.81503
553.72193,2.80939
555.00992,2.80237
556.29791,2.79678
557.47877,2.78974
558.76676,2.78270
559.41452,2.77709
560.05231,2.77147
561.34273,2.75744
562.52360,2.74054
563.70203,2.72090
564.99253,2.69980
565.63527,2.68857
566.10108,2.67836
566.54138,2.66819
566.96942,2.65805
567.39845,2.64797
567.84172,2.63796
568.31250,2.62803
568.82404,2.61819
569.38960,2.60846
570.03234,2.60005
570.35872,2.59726
570.67759,2.59583
571.21320,2.59304
571.85845,2.59444
572.60839,2.59444
573.25113,2.59583
573.89881,2.59444
574.43199,2.59164
574.75830,2.58742
575.07967,2.58320
575.72249,2.57197
576.32512,2.55727
576.86831,2.54275
577.36082,2.52832
577.81141,2.51387
578.22884,2.49930
578.62185,2.48452
578.99922,2.46943
579.36970,2.45392
580.01495,2.42587
580.66019,2.39633
581.21551,2.36829
581.73025,2.33999
582.21241,2.31149
582.66999,2.28288
583.11099,2.25422
583.54341,2.22559
583.97526,2.19707
584.41453,2.16873
585.05977,2.12377
585.70000,2.07739
586.20364,2.03721
586.69139,1.99703
587.16442,1.95684
587.62391,1.91663
588.07101,1.87641
588.50691,1.83617
588.93275,1.79591
589.34972,1.75562
589.99497,1.69384
590.31634,1.66149
590.92484,1.59796
591.48763,1.53441
592.01924,1.47085
592.53421,1.40728
593.04709,1.34369
593.57240,1.28010
594.12469,1.21651
594.71850,1.15291
595.03980,1.11916
596.32786,0.98426
596.72875,0.94494
597.10655,0.90559
597.47111,0.86623
597.83225,0.82686
598.19982,0.78750
598.58365,0.74816
598.99358,0.70885
599.43945,0.66958
600.08470,0.61337
600.72744,0.55995
601.13379,0.52507
601.57304,0.49037
602.03582,0.45582
602.51275,0.42134
602.99448,0.38690
603.47162,0.35243
603.93480,0.31789
604.37465,0.28322
605.01739,0.23684
