# sensitivity yellow-forming; x=wavelength (nm) y=log sensitivity (Status M, 0.2 > D-min, daylight 1/200 s); source build-tests/print-stocks/sheets/kodak-portra800-E-4040-2025.pdf page 4 path ['63.0']; x shifted by -0.0
370.00497,1.24562
371.18583,1.30320
372.47382,1.36082
373.65218,1.41840
374.29743,1.44512
374.94017,1.47183
375.58541,1.49714
376.22815,1.52237
377.40902,1.56875
378.69457,1.61514
379.98507,1.66146
381.27306,1.70787
382.45392,1.75425
383.09666,1.77672
383.63228,1.80200
384.27753,1.82732
384.92277,1.85400
386.20825,1.91156
387.38912,1.97342
388.67711,2.03802
389.96509,2.10690
390.60783,2.14341
391.15543,2.17597
391.65567,2.20855
392.12683,2.24112
392.58719,2.27368
393.05502,2.30620
393.54860,2.33866
394.08621,2.37105
394.68612,2.40335
395.00749,2.42020
395.65274,2.44970
396.03006,2.46749
396.42405,2.48524
396.83760,2.50293
397.27360,2.52055
397.73495,2.53811
398.22452,2.55557
398.74523,2.57295
399.29994,2.59022
399.94519,2.60707
400.58793,2.62254
400.90146,2.62951
401.23386,2.63639
401.58646,2.64314
401.96061,2.64976
402.35764,2.65623
402.77891,2.66252
403.22576,2.66861
403.69952,2.67449
404.98751,2.68715
405.63276,2.69276
406.27550,2.69698
407.56349,2.70260
408.74192,2.70542
410.03234,2.70684
411.31789,2.70542
412.49876,2.70120
413.68213,2.69558
414.97012,2.68857
415.61035,2.68432
416.25560,2.67871
417.43646,2.66748
418.72445,2.65624
419.36468,2.65202
420.01244,2.64920
421.30043,2.64641
422.47878,2.64781
423.65965,2.64920
424.94771,2.64920
426.23562,2.64641
427.41656,2.64219
429.99254,2.63235
432.56851,2.62112
435.03486,2.60846
436.32285,2.60285
437.50120,2.59863
438.68207,2.59301
439.97005,2.58600
440.61287,2.58178
441.26055,2.57616
442.43647,2.56211
443.72940,2.55085
444.37222,2.54526
445.01739,2.54104
446.30545,2.53540
447.48381,2.53260
448.66467,2.53121
449.95266,2.53121
451.24065,2.53400
452.41901,2.53822
453.70699,2.54386
454.99749,2.54805
456.28297,2.55085
457.57347,2.55227
458.75182,2.55507
459.39464,2.55789
460.03988,2.56071
460.68262,2.56490
461.32787,2.57052
462.50623,2.58178
463.68709,2.59583
464.97257,2.60846
466.26307,2.62254
467.44393,2.63657
468.08918,2.64361
468.73192,2.65063
469.37466,2.65485
470.01991,2.65906
470.55552,2.66186
471.12048,2.66447
471.68346,2.66687
472.23943,2.66875
472.78337,2.66978
473.31026,2.66964
473.81508,2.66802
474.29281,2.66460
474.73842,2.65906
474.95518,2.65485
475.27898,2.64781
475.95982,2.62646
476.55240,2.60440
477.07637,2.58181
477.55137,2.55890
477.99706,2.53586
478.43309,2.51289
478.87911,2.49020
479.35476,2.46798
480.00001,2.43707
480.64275,2.40617
481.15352,2.38049
481.63998,2.35484
482.10841,2.32922
482.56507,2.30360
483.01625,2.27798
483.46821,2.25236
483.92723,2.22671
484.39959,2.20103
485.04233,2.16730
486.33282,2.10268
487.51118,2.03802
488.69204,1.97619
489.97760,1.91581
490.61783,1.88770
491.10287,1.86838
491.58850,1.84894
492.07226,1.82942
492.55170,1.80985
493.02437,1.79027
493.48780,1.77071
493.93956,1.75120
494.37718,1.73179
495.02243,1.70083
495.66517,1.66571
496.30791,1.62916
496.95315,1.59122
497.59589,1.55048
498.77676,1.46761
500.06475,1.38471
500.70999,1.34254
501.35524,1.30038
502.53862,1.21332
503.71446,1.12620
504.35971,1.08264
505.00245,1.04190
506.29051,0.95900
506.65983,0.93481
507.02120,0.91070
507.38141,0.88665
507.74724,0.86264
508.12544,0.83864
508.52281,0.81463
508.94610,0.79060
509.40211,0.76651
510.04484,0.73276
510.36872,0.71734
510.81116,0.69743
511.28069,0.67780
511.77147,0.65838
512.27766,0.63908
512.79343,0.61981
513.31294,0.60049
513.83034,0.58104
514.33981,0.56137
514.98506,0.53332
515.62780,0.50236
516.14082,0.47680
516.61169,0.45119
517.05524,0.42555
517.48629,0.39988
517.91967,0.37420
518.37022,0.34853
518.85276,0.32287
519.38213,0.29724
520.02989,0.26634
520.67012,0.23821
521.12073,0.21957
521.56894,0.20108
522.01866,0.18268
522.47381,0.16434
522.93830,0.14601
523.41605,0.12766
523.91096,0.10924
524.42696,0.09071
525.06726,0.06679
