# sensitometric red; x=log exposure (lux-seconds), daylight y=Status M density (C-41); source build-tests/print-stocks/sheets/kodak-gold200-E-7022-2023.pdf page 4 path ['38.0']; x shifted by -0.0
-3.00050,0.25047
-2.91030,0.25348
-2.83334,0.25674
-2.76794,0.26002
-2.64884,0.26814
-2.53669,0.28238
-2.42980,0.30286
-2.32649,0.32968
-2.22508,0.36297
-2.12389,0.40284
-2.02124,0.44940
-1.91546,0.50276
-1.89046,0.51584
-1.86550,0.52918
-1.76869,0.58140
-1.67177,0.63339
-1.57478,0.68523
-1.47778,0.73702
-1.38079,0.78887
-1.28387,0.84085
-1.18707,0.89308
-1.09042,0.94564
-1.06542,0.95922
-1.04046,0.97291
-1.01550,0.98653
-0.99038,1.00007
-0.89631,1.05158
-0.80236,1.10328
-0.70852,1.15515
-0.61477,1.20717
-0.52110,1.25934
-0.42750,1.31164
-0.33395,1.36406
-0.24046,1.41657
-0.21546,1.43064
-0.19034,1.44438
-0.08193,1.50451
0.02343,1.55556
0.12719,1.59933
0.23079,1.63764
0.33567,1.67231
0.44329,1.70516
0.55507,1.73801
0.67246,1.77267
0.72705,1.78937
0.78921,1.80856
0.85962,1.83044
