# sensitivity cyan-forming; x=wavelength (nm) y=log sensitivity (Status M, 0.2 > D-min, daylight 1/50 s); source build-tests/print-stocks/sheets/kodak-gold200-E-7022-2023.pdf page 4 path ['104.0', '105.0', '106.0', '107.0', '108.0', '109.0', '110.0', '111.0', '112.0', '113.0', '114.0', '115.0', '116.0', '117.0', '118.0', '119.0', '120.0', '121.0', '122.0', '123.0', '124.0', '125.0', '126.0', '127.0', '128.0', '129.0', '130.0', '131.0', '132.0']; x shifted by -0.0
389.95329,0.33939
390.59850,0.35766
391.61092,0.38802
392.56626,0.41976
393.50347,0.45234
394.46153,0.48519
395.47941,0.51777
396.59606,0.54951
397.85047,0.57988
399.28159,0.60830
399.92676,0.61538
400.57196,0.62097
401.79012,0.62355
402.96865,0.62015
404.09687,0.61225
405.16412,0.60129
406.15972,0.58875
407.07299,0.57609
407.89326,0.56476
408.60985,0.55623
409.89547,0.54073
411.18105,0.52662
412.36008,0.51117
413.65046,0.49429
414.93604,0.47598
417.50724,0.43796
419.97186,0.40132
422.44127,0.36335
425.01247,0.32533
427.47709,0.28588
429.94532,0.24929
432.40994,0.21270
434.87821,0.17608
437.45056,0.14227
438.62841,0.12534
439.91399,0.11132
442.38341,0.08454
444.95461,0.06202
447.52695,0.04231
449.99522,0.02681
451.28080,0.02117
452.45984,0.01548
455.03100,0.00850
457.50041,0.00281
459.96389,0.00003
459.96868,0.00003
461.25427,-0.00140
462.13923,-0.00048
463.06307,0.00070
464.01202,0.00197
464.97231,0.00312
465.93020,0.00396
466.87191,0.00432
467.78369,0.00400
468.65177,0.00281
469.93735,0.00003
485.24108,0.00027
486.23340,0.01830
487.51898,0.04226
488.70163,0.06478
489.34684,0.07607
489.98721,0.08454
491.27283,0.10004
492.45187,0.11547
495.02303,0.14365
499.96072,0.19434
502.42054,0.21974
504.88877,0.24365
507.46115,0.26755
509.92938,0.29295
512.39880,0.31969
514.96520,0.34642
517.53755,0.37320
518.72020,0.38444
520.00578,0.39573
520.01057,0.39573
521.29254,0.40558
522.47519,0.41404
525.05115,0.42954
527.51581,0.44355
529.98404,0.45914
534.90852,0.49286
537.48447,0.51117
539.94909,0.53088
542.41257,0.55057
544.88198,0.57171
547.45794,0.59430
548.63580,0.60830
549.92256,0.62235
551.20818,0.63929
552.18277,0.65346
553.15153,0.66785
554.11225,0.68240
555.06268,0.69708
556.00060,0.71184
556.92378,0.72664
557.82998,0.74143
558.71698,0.75617
559.99899,0.77305
561.28937,0.78855
562.39344,0.79883
563.50567,0.80886
564.60786,0.81888
565.68179,0.82913
566.70926,0.83985
567.67207,0.85130
568.55201,0.86370
569.33086,0.87732
569.97245,0.88854
570.61287,0.90122
571.83145,0.93271
572.96694,0.96454
574.04187,0.99661
575.07874,1.02884
576.10007,1.06113
577.12837,1.09338
578.18616,1.12553
579.29595,1.15746
579.94112,1.17296
581.23150,1.20394
582.07769,1.22424
582.95337,1.24429
583.85681,1.26415
584.78632,1.28384
585.74018,1.30339
586.71668,1.32285
587.71411,1.34225
588.73076,1.36161
590.02593,1.38420
591.30789,1.40533
592.49054,1.42365
593.77137,1.44191
595.06175,1.45884
597.52636,1.48979
599.99102,1.51939
601.28140,1.53345
602.45446,1.54750
604.92387,1.57429
607.49983,1.60102
608.67886,1.61508
609.96448,1.62920
612.42792,1.66156
614.89733,1.69538
617.46854,1.73058
619.93315,1.76295
621.22353,1.77845
622.15157,1.78943
623.10213,1.79989
624.06532,1.81006
625.03123,1.82017
625.98995,1.83043
626.93158,1.84106
627.84622,1.85229
628.72397,1.86433
630.01434,1.88122
631.29992,1.90092
632.26340,1.91722
633.21764,1.93357
634.16173,1.95000
635.09474,1.96650
636.01574,1.98307
636.92380,1.99971
637.81801,2.01644
638.69743,2.03326
639.98301,2.05443
641.27339,2.07557
642.13674,2.09149
643.01647,2.10808
643.92459,2.12496
644.87311,2.14177
645.87403,2.15813
646.93937,2.17369
648.08112,2.18805
649.31131,2.20087
649.95648,2.20508
650.92006,2.20934
652.18244,2.21349
653.43139,2.21544
654.64641,2.21518
655.80702,2.21268
656.89272,2.20792
657.88301,2.20086
658.75741,2.19149
659.49543,2.17979
659.92518,2.16849
660.57035,2.14880
661.95387,2.09163
663.18586,2.03344
664.30142,1.97455
665.33565,1.91525
666.32364,1.85583
667.30050,1.79660
668.30130,1.73785
669.36117,1.67989
670.00637,1.64746
672.46981,1.52360
673.24884,1.48646
674.02001,1.44930
674.78703,1.41214
675.55360,1.37498
676.32343,1.33782
677.10022,1.30068
677.88767,1.26356
678.68950,1.22646
679.97504,1.17156
680.62025,1.14622
681.71737,1.10623
682.91272,1.06652
684.15552,1.02695
685.39496,0.98733
686.58026,0.94751
687.66063,0.90732
688.58526,0.86660
689.30338,0.82518
689.94371,0.78998
