# sensitivity magenta-forming; x=wavelength (nm) y=log sensitivity (Status M, 0.2 > D-min, daylight 1/50 s); source build-tests/print-stocks/sheets/kodak-gold200-E-7022-2023.pdf page 4 path ['82.0', '83.0', '84.0', '85.0', '86.0', '87.0', '88.0', '89.0', '90.0', '91.0', '92.0', '93.0', '94.0', '95.0', '96.0', '97.0', '98.0', '99.0', '100.0', '101.0', '102.0', '103.0']; x shifted by -0.0
379.98462,0.54073
384.91751,0.71533
387.48388,0.80261
389.95329,0.88854
390.59850,0.91103
391.62737,0.94894
392.59908,0.98731
393.55029,1.02593
394.51764,1.06458
395.53779,1.10304
396.64740,1.14112
397.88312,1.17859
399.28159,1.21524
399.92676,1.22646
400.45945,1.23488
401.45577,1.24445
402.47325,1.24934
403.50645,1.25034
404.54991,1.24826
405.59821,1.24389
406.64588,1.23803
407.68750,1.23148
408.71761,1.22503
409.89547,1.21800
411.18105,1.21098
412.14630,1.20296
413.11862,1.19444
414.09061,1.18553
415.05485,1.17635
416.00395,1.16700
416.93049,1.15762
417.82707,1.14831
418.68628,1.13920
419.97186,1.12652
429.94532,1.03216
431.23091,1.01948
432.12898,1.00986
433.02137,1.00016
433.91471,0.99046
434.81565,0.98084
435.73084,0.97139
436.66693,0.96219
437.63057,0.95331
438.62841,0.94484
439.91399,0.93642
441.20441,0.93077
442.38341,0.92513
443.66903,0.92236
444.95461,0.92092
447.52695,0.91954
449.99522,0.91805
452.45984,0.91805
455.03100,0.91954
459.96389,0.92375
459.96868,0.92375
461.25427,0.92375
462.23740,0.92150
463.28955,0.91909
464.37929,0.91702
465.47521,0.91580
466.54587,0.91593
467.55986,0.91790
468.48576,0.92222
469.29215,0.92939
469.93735,0.93498
470.57777,0.94206
471.79775,0.96114
472.94911,0.98186
474.03549,1.00381
475.06055,1.02654
476.02793,1.04962
476.94127,1.07261
477.80422,1.09509
478.62044,1.11661
479.90602,1.15037
480.55123,1.16730
481.68794,1.20290
482.78049,1.23887
483.84562,1.27507
484.90010,1.31135
485.96071,1.34758
487.04419,1.38361
488.16731,1.41931
489.34684,1.45453
489.98721,1.47146
491.27283,1.50241
492.00696,1.52015
492.81902,1.53825
493.69727,1.55653
494.62996,1.57476
495.60535,1.59275
496.61169,1.61030
497.63726,1.62720
498.67030,1.64325
499.96072,1.66156
501.24268,1.67706
502.06972,1.68641
502.95048,1.69465
503.87203,1.70208
504.82144,1.70899
505.78577,1.71570
506.75210,1.72250
507.70749,1.72970
508.63901,1.73760
509.92938,1.74884
512.39880,1.77419
514.96520,1.80236
517.53755,1.83192
520.00578,1.86433
520.01057,1.86433
521.29254,1.88122
522.47519,1.90092
525.05115,1.93899
527.51581,1.97979
529.98404,2.02062
531.26600,2.04172
532.15104,2.05765
533.02793,2.07364
533.90646,2.08962
534.79646,2.10554
535.70772,2.12131
536.65004,2.13686
537.63325,2.15214
538.66713,2.16706
539.94909,2.18251
541.23947,2.19523
541.89408,2.20182
542.70824,2.20881
543.64074,2.21578
544.65036,2.22233
545.69589,2.22805
546.73611,2.23251
547.72982,2.23532
548.63580,2.23607
549.92256,2.23607
551.20818,2.23469
552.49698,2.23049
553.59256,2.22623
554.54149,2.22161
555.39036,2.21633
556.18577,2.21008
556.97428,2.20257
557.80249,2.19350
558.71698,2.18256
559.99899,2.16429
561.28937,2.14320
562.37955,2.12113
563.42060,2.09863
564.41334,2.07578
565.35859,2.05264
566.25716,2.02929
567.10985,2.00580
567.91750,1.98225
568.68090,1.95870
569.97245,1.92068
571.25804,1.88261
572.50654,1.84434
573.70085,1.80615
574.83324,1.76792
575.89599,1.72957
576.88136,1.69099
577.78163,1.65207
578.58907,1.61273
579.29595,1.57285
579.94112,1.53766
580.59109,1.49820
581.83413,1.40704
582.99289,1.31563
584.08882,1.22405
585.14333,1.13237
586.17787,1.04066
587.21386,0.94898
588.27275,0.85741
589.37596,0.76602
590.02593,0.71820
590.66752,0.67167
591.59954,0.60397
592.57536,0.53634
593.58344,0.46876
594.61226,0.40121
595.65028,0.33369
596.68597,0.26616
597.70781,0.19861
598.70426,0.13102
599.99102,0.04790
