# dyes minimum-density; x=wavelength (nm) y=diffuse spectral density (C-41, D-min included); source build-tests/print-stocks/sheets/kodak-portra400-E-4050-2025.pdf page 4 path ['69.0']; x shifted by -0.0
400.00973,0.69656
400.88440,0.68416
402.08233,0.67601
403.49562,0.67135
405.01637,0.66947
406.53665,0.66961
407.94858,0.67105
409.14423,0.67305
410.01571,0.67486
411.26758,0.67894
412.51864,0.68533
413.76913,0.69346
415.01929,0.70275
416.26937,0.71265
417.51963,0.72257
418.77030,0.73194
420.02164,0.74020
421.27125,0.74776
422.52126,0.75536
423.77151,0.76288
425.02179,0.77020
426.27192,0.77718
427.52170,0.78371
428.77096,0.78966
430.01949,0.79492
431.27143,0.79948
432.52265,0.80348
433.77334,0.80697
435.02368,0.80998
436.27387,0.81255
437.52410,0.81472
438.77455,0.81653
440.02542,0.81803
441.27738,0.81911
442.52863,0.81971
443.77938,0.81987
445.02984,0.81968
446.28023,0.81918
447.53075,0.81843
448.78161,0.81751
450.03303,0.81647
451.28163,0.81520
452.53102,0.81360
453.78095,0.81173
455.03114,0.80966
456.28133,0.80746
457.53126,0.80520
458.78065,0.80295
460.02924,0.80079
461.28119,0.79867
462.53243,0.79650
463.78318,0.79429
465.03364,0.79205
466.28403,0.78980
467.53454,0.78754
468.78540,0.78529
470.03681,0.78307
471.28823,0.78092
472.53910,0.77881
473.78962,0.77671
475.04000,0.77461
476.29047,0.77249
477.54122,0.77031
478.79247,0.76806
480.04443,0.76571
481.29294,0.76302
482.54219,0.75990
483.79197,0.75656
485.04210,0.75325
486.29238,0.75018
487.54262,0.74759
488.79263,0.74571
490.04222,0.74475
491.29304,0.74471
492.54334,0.74539
493.79338,0.74670
495.04339,0.74851
496.29363,0.75073
497.54435,0.75325
498.79579,0.75595
500.04820,0.75873
501.29908,0.76229
502.54954,0.76704
503.79977,0.77241
505.04996,0.77787
506.30030,0.78284
507.55098,0.78679
508.80219,0.78915
510.05413,0.78938
511.30266,0.78747
512.55190,0.78392
513.80163,0.77898
515.05164,0.77292
516.30173,0.76598
517.55169,0.75840
518.80129,0.75045
520.05034,0.74238
521.30223,0.73353
522.55332,0.72333
523.80387,0.71228
525.05415,0.70083
526.30443,0.68947
527.55498,0.67867
528.80607,0.66891
530.05796,0.66066
531.30929,0.65386
532.55994,0.64810
533.81014,0.64317
535.06011,0.63891
536.31007,0.63512
537.56027,0.63162
538.81092,0.62823
540.06225,0.62477
541.31186,0.62146
542.56190,0.61856
543.81221,0.61597
545.06261,0.61357
546.31293,0.61125
547.56301,0.60890
548.81267,0.60640
550.06174,0.60365
551.31315,0.60086
552.56397,0.59826
553.81437,0.59567
555.06452,0.59297
556.31459,0.58998
557.56476,0.58656
558.81520,0.58257
560.06608,0.57783
561.31802,0.57250
562.56927,0.56676
563.82001,0.56056
565.07048,0.55386
566.32086,0.54661
567.57138,0.53877
568.82224,0.53031
570.07365,0.52116
571.32224,0.51116
572.57163,0.50029
573.82156,0.48872
575.07175,0.47659
576.32194,0.46408
577.57187,0.45133
578.82126,0.43850
580.06986,0.42576
581.32227,0.41275
582.57371,0.39915
583.82443,0.38521
585.07467,0.37116
586.32468,0.35725
587.57472,0.34371
588.82502,0.33079
590.07584,0.31872
591.32831,0.30730
592.57991,0.29622
593.83082,0.28555
595.08124,0.27537
596.33135,0.26576
597.58135,0.25678
598.83142,0.24851
600.08177,0.24103
601.33137,0.23442
602.58139,0.22864
603.83164,0.22360
605.08192,0.21917
606.33204,0.21526
607.58183,0.21175
608.83108,0.20856
610.07961,0.20556
611.33155,0.20294
612.58277,0.20087
613.83346,0.19924
615.08381,0.19796
616.33401,0.19692
617.58424,0.19602
618.83471,0.19516
620.08559,0.19424
621.33855,0.19331
622.59043,0.19253
623.84155,0.19186
625.09221,0.19129
626.34272,0.19081
627.59338,0.19040
628.84450,0.19005
630.09638,0.18974
631.34444,0.18946
632.59346,0.18922
633.84316,0.18904
635.09328,0.18893
636.34355,0.18891
637.59370,0.18897
638.84347,0.18915
640.09259,0.18944
641.34347,0.18990
642.59393,0.19052
643.84416,0.19126
645.09435,0.19209
646.34470,0.19297
647.59539,0.19386
648.84662,0.19473
650.09857,0.19554
651.34946,0.19628
652.59992,0.19699
653.85016,0.19769
655.10035,0.19840
656.35070,0.19912
657.60139,0.19987
658.85261,0.20066
660.10455,0.20150
661.35313,0.20247
662.60254,0.20352
663.85251,0.20462
665.10282,0.20574
666.35320,0.20686
667.60342,0.20795
668.85321,0.20898
670.10235,0.20992
671.35416,0.21080
672.60505,0.21162
673.85533,0.21240
675.10531,0.21315
676.35529,0.21386
677.60558,0.21456
678.85647,0.21525
680.10828,0.21593
681.35963,0.21665
682.61033,0.21739
683.86060,0.21814
685.11070,0.21886
686.36087,0.21954
687.61137,0.22014
688.86243,0.22064
690.11431,0.22101
691.36331,0.22125
692.61276,0.22137
693.86251,0.22139
695.11241,0.22133
696.36232,0.22123
697.61207,0.22111
698.86152,0.22098
700.11052,0.22088
