# sensitometric blue; x=log exposure (lux-seconds), daylight y=Status M density (C-41); source build-tests/print-stocks/sheets/kodak-portra400-E-4050-2025.pdf page 4 path ['34.0']; x shifted by -0.0
-3.44105,0.86734
-3.34081,0.86994
-3.24056,0.87386
-3.19100,0.87514
-3.14149,0.87649
-3.09078,0.87911
-3.04121,0.88427
-2.99170,0.89216
-2.94097,0.90125
-2.89143,0.91302
-2.84075,0.92737
-2.81540,0.93652
-2.79005,0.94563
-2.74051,0.96785
-2.68980,0.99133
-2.64027,1.01743
-2.59070,1.04486
-2.54119,1.07356
-2.49048,1.10489
-2.44094,1.13489
-2.24043,1.26018
-2.03997,1.38547
-1.84062,1.51079
-1.64016,1.63742
-1.43970,1.76399
-1.24035,1.89058
-1.03986,2.01849
-0.84051,2.14639
-0.64002,2.27432
-0.43953,2.40221
-0.34046,2.46613
-0.24021,2.53010
-0.03975,2.66062
0.16074,2.78981
0.25987,2.85381
0.36006,2.91905
0.46033,2.98430
0.56055,3.05086
